123,2014,07,08,15,40,0,0.00375,0.00423,0.00380,0.00430,0.00819,0.00457,0.03032,0.04233,0.01714,0.00468,0.00476,0.00620,0.00616,0.00472,0.00552,0.00606,0.00884,0.00565,0.00632,0.00498,0.00417,0.00369,0.00360,0.00360,0.00425,0.00366,0.00361,0.00395,0.00358,0.00479,0.00506,0.00407,0.00447,0.00392,0.00372,0.00368,0.00361,0.00366,0.00361,0.00365,0.00388,0.00390,0.00389,0.00458,0.00634,0.00512,0.00364,0.00395,0.00380,0.00453,0.00361,0.00392,0.00396,0.00481,0.00367,0.00390,0.00369,0.00376,0.00384,0.00368,0.00396,0.00371,0.00371,0.00368,0.00365,0.00415,0.00379,0.00363,0.00374,0.00375,0.00384,0.00375,0.00488,0.00371,0.00450,0.00434,0.00378,0.00369,0.00365,0.00366,0.00372,0.00381,0.00392,0.00375,0.00367,0.00365,0.00389,0.00368,0.00410,0.00516,0.00426,0.00472,0.00394,0.00369,0.00396,0.00365,0.00369,0.00374,0.00377,0.00394,0.00371,0.00390,0.00421,0.00409,0.00363,0.00386,0.00381,0.00386,0.00429,0.00361,0.00370,0.00477,0.00574,0.00436,0.00394,0.00361,0.00390,0.00363,0.00416,0.00395,0.00371,0.00363,0.00373,0.00371,0.00369,0.00364,0.00384,0.00363,0.00370,0.00368,0.00362,0.00374,0.00366,0.00393,0.00365,0.00360,0.00374,0.00380,0.00374,0.00387,0.00359,0.00361,0.00363,0.00369,0.00375,0.00396,0.00444,0.00404,0.00437,0.00373,0.00380,0.00361,0.00364,0.00362,0.00371,0.00372,0.00392,0.00469,0.00404,0.00507,0.00395,0.00376,0.00328,0.00345,0.00324,0.00303,0.00312,0.00375,0.00300,0.00307,0.00345,0.00306,0.00303,0.00317,0.00338,0.00353,0.00310,0.00324,0.00315,0.00322,0.00390,0.00343,0.00318,0.00335,0.00319,0.00320,0.00435,0.00329,0.00343,0.00354,0.00360,0.00390,0.00334,0.00336,0.00342,0.00336,0.00359,0.00470,0.00482,0.00327,0.00354,0.00333,0.00338,0.00355,0.00333,0.00436,0.00677,0.00435,0.00375,0.00356,0.00390,0.00360,0.00366,0.00431,0.00377,0.00349,0.00461,0.00418,0.00452,0.00467,0.00578,0.00434,0.00350,0.00352,0.00338,0.00347,0.00383,0.00336,0.00347,0.00408,0.00340,0.00347,0.00409,0.00400,0.00348,0.00458,0.00376,0.00424,0.00385,0.00397514
123,2014,07,10,19,36,0,0.01511,0.00268,0.00358,0.00266,0.00266,0.00310,0.01355,0.02507,0.02503,0.00329,0.00478,0.00305,0.00275,0.00406,0.00409,0.00375,0.02574,0.03657,0.03415,0.01384,0.00387,0.01444,0.00434,0.00351,0.00418,0.00712,0.01300,0.00442,0.00420,0.00288,0.00480,0.00739,0.00449,0.00265,0.00245,0.00250,0.00287,0.00249,0.00472,0.01599,0.00848,0.00534,0.00910,0.00276,0.00390,0.00307,0.00529,0.00302,0.00292,0.00493,0.00300,0.00285,0.00315,0.00245,0.00256,0.00241,0.00259,0.00252,0.00246,0.00259,0.00261,0.00249,0.00286,0.00659,0.00460,0.00411,0.00420,0.00591,0.00762,0.00406,0.00363,0.00374,0.00297,0.00344,0.00313,0.00395,0.00295,0.00275,0.00320,0.00295,0.00360,0.00301,0.00462,0.01421,0.00762,0.00248,0.00242,0.00269,0.00257,0.00279,0.01217,0.00628,0.00379,0.00485,0.00396,0.00424,0.00950,0.00685,0.00574,0.00620,0.00388,0.00512,0.00432,0.00449,0.00274,0.00283,0.00382,0.00756,0.00313,0.00512,0.00274,0.00293,0.00376,0.00362,0.00250,0.00244,0.00260,0.00253,0.00251,0.00691,0.00416,0.00449,0.00310,0.00265,0.00714,0.00627,0.00614,0.00767,0.00295,0.00730,0.00311,0.00533,0.00317,0.00298,0.00340,0.00562,0.01384,0.00374,0.00353,0.00355,0.00327,0.00290,0.00256,NaN,NaN,NaN,NaN,NaN,NaN,NaN,NaN,NaN,NaN,NaN,NaN,NaN,NaN,NaN,NaN,NaN,NaN,NaN,NaN,NaN,NaN,NaN,NaN,NaN,NaN,NaN,NaN,NaN,NaN,NaN,NaN,NaN,NaN,NaN,NaN,NaN,NaN,NaN,NaN,NaN,NaN,NaN,NaN,NaN,NaN,NaN,NaN,NaN,NaN,NaN,NaN,NaN,0.02484,0.00526,0.01023,0.00393,0.00319,0.00313,0.00350,0.00261,0.00253,0.00291,0.00242,0.00249,0.00240,0.00375,0.00781,0.00293,0.00237,0.00405,0.00304,0.00816,0.00251,0.01162,0.00736,0.00438,0.00294,0.00249,0.00370,0.00393,0.00263,0.00397,0.00301,0.00391,0.00248,0.00389,0.00335,0.00891,0.01399,0.00911,0.00494,0.00695,0.00982,0.01571,0.04047,0.01349993
123,2014,07,12,23,00,0,0.00373,0.00286,0.00263,0.00298,0.00253,0.00364,0.00288,0.00286,0.00259,0.00267,0.00270,0.00320,0.00258,0.00296,0.00303,0.00277,0.00679,0.00397,0.00329,0.00318,0.00274,0.00257,0.00252,0.00247,0.00239,0.00242,0.00245,0.00245,0.00258,0.00305,0.00315,0.00307,0.00302,0.00320,0.00376,0.00392,0.00257,0.00243,0.00243,0.00236,0.00255,0.00268,0.00238,0.00237,0.00236,0.00241,0.00242,0.00241,0.00238,0.00255,0.00251,0.00235,0.00235,0.00252,0.00246,0.00235,0.00235,0.00233,0.00321,0.00548,0.00343,0.00472,0.00422,0.00373,0.00315,0.00379,0.00401,0.00836,0.00247,0.00284,0.00242,0.00239,0.00294,0.00246,0.00239,0.00294,0.00248,0.00241,0.00246,0.00245,0.00244,0.00262,0.00246,0.00261,0.00247,0.00243,0.00249,0.00239,0.00245,0.00247,0.00331,0.00373,0.00324,0.00261,0.00315,0.00311,0.00241,0.00269,0.00248,0.00303,0.00245,0.00267,0.00317,0.00413,0.00362,0.00304,0.00277,0.00311,0.00243,0.00273,0.00250,0.00304,0.00259,0.00263,0.00242,0.00243,0.00291,0.00315,0.00255,0.00342,0.00256,0.00274,0.00258,0.00253,0.00307,0.00253,0.00280,0.00238,0.00251,0.00273,0.00272,0.00259,0.00368,0.00688,0.00445,0.00462,0.00287,0.00285,0.00287,0.00363,0.00283,0.00297,0.00337,0.00328,0.00347,0.00279,0.00333,0.00280,0.00261,0.00452,0.00295,0.00312,0.00530,0.00345,0.00395,0.00331,0.00300,0.00252,0.00240,0.00268,0.00291,0.00295,0.00290,0.00235,0.00247,0.00272,0.00235,0.00325,0.00447,0.00387,0.01767,0.00969,0.01432,0.00262,0.00245,0.00402,0.00490,0.00341,0.00436,0.02785,0.00840,0.00324,0.00310,0.00381,0.00321,0.00244,0.00258,0.01169,0.01832,0.01645,0.00253,0.00239,0.00237,0.00239,0.00251,0.00232,0.00261,0.00241,0.00234,0.00236,0.00248,0.00270,0.00235,0.00244,0.00240,0.00239,0.00239,0.00288,0.00262,0.00241,0.00244,0.00251,0.00265,0.00780,0.00244,0.00244,0.00236,0.00249,0.01055,0.01762,0.00233,0.00232,0.00252,0.00247,0.00235,0.00236,0.00235,0.00236,0.00235,0.00249,0.00501,0.00300,0.00250,0.00259,0.00271,0.00528,0.00249,0.00321,0.00333,0.00250464
137,2014,07,01,11,29,0,0.00325,0.01107,0.01403,0.01048,0.00323,0.00267,0.00258,0.00291,0.00265,0.00342,0.00770,0.00277,0.00334,0.00261,0.00278,0.00250,0.00275,0.00238,0.00254,0.00282,0.00284,0.00273,0.00252,0.00251,0.00722,0.01868,0.00249,0.00232,0.00233,0.00236,0.00235,0.00257,0.00241,0.00231,0.00232,0.00231,0.00301,0.00259,0.00236,0.00235,0.00240,0.00270,0.00251,0.00254,0.00267,0.00293,0.00242,0.00264,0.00231,0.00262,0.00261,0.00288,0.00244,0.00233,0.00243,0.00241,0.00234,0.00233,0.00235,0.00233,0.00243,0.00268,0.00231,0.00231,0.00234,0.00246,0.00342,0.00256,0.00246,0.00289,0.00250,0.00260,0.00233,0.00233,0.00254,0.00235,0.00262,0.00242,0.00272,0.00556,0.00264,0.00260,0.00257,0.00253,0.00295,0.00246,0.00231,0.00239,0.00253,0.00242,0.00386,0.00299,0.00276,0.00263,0.00239,0.00315,0.00326,0.00261,0.00263,0.00258,0.00270,0.00320,0.00242,0.00250,0.00264,0.00254,0.00310,0.00256,0.00272,0.00232,0.00247,0.00242,0.00287,0.00232,0.02118,0.00693,0.00877,0.00584,0.00307,0.00333,0.00300,0.00287,0.00271,0.00304,0.00311,0.00296,0.00264,0.00302,0.00347,0.01558,0.00703,0.00307,0.00257,0.00277,0.00324,0.00275,0.00262,0.00257,0.00285,0.00241,0.00268,0.00337,0.00347,0.00320,0.00300,0.00250,0.00276,0.00300,0.00342,0.00398,0.00247,0.00293,0.00352,0.00307,0.00350,0.00247,0.00253,0.00331,0.00351,0.00293,0.00250,0.00290,0.00511,0.00897,0.00274,0.00259,0.00261,0.00246,0.00295,0.00257,0.00318,0.00265,0.00257,0.00255,0.00310,0.00311,0.00304,0.00250,0.00309,0.00256,0.00262,0.00251,0.00312,0.00311,0.00280,0.00263,0.00345,0.00417,0.00273,0.00257,0.00248,0.00244,0.00247,0.00297,0.00274,0.00243,0.00247,0.00240,0.00268,0.00239,0.00359,0.00328,0.00279,0.00256,0.00279,0.00238,0.00240,0.00271,0.00239,0.00255,0.00248,0.00247,0.00234,0.00237,0.00284,0.00253,0.00249,0.00244,0.00234,0.00235,0.00247,0.00234,0.00256,0.00237,0.03661,0.01644,0.00265,0.00246,0.00249,0.00254,0.00250,0.00269,0.01018,0.02705,0.05981,0.03306,0.03531,0.00444,0.00830,0.00739259
137,2014,07,03,17,00,1,0.00412,0.00418,0.00461,0.00425,0.00422,0.00491,0.00530,0.00778,0.00693,0.00594,0.00747,0.01026,0.01355,0.00580,0.00583,0.01862,0.01338,0.00806,0.00548,0.00947,0.00635,0.00474,0.00430,0.00454,0.00410,0.00458,0.00396,0.00430,0.00431,0.00418,0.00453,0.00513,0.00639,0.00581,0.00525,0.00482,0.00468,0.00413,0.00487,0.00444,0.00470,0.00414,0.00490,0.00756,0.01047,0.00743,0.00799,0.00809,0.00662,0.00573,0.00620,0.00649,0.00766,0.00638,0.00760,0.00698,0.00442,0.00446,0.00427,0.00429,0.00459,0.00690,0.00619,0.00889,0.00633,0.00558,0.00592,0.00725,0.00587,0.00608,0.00556,0.00490,0.00515,0.00624,0.00533,0.00543,0.00510,0.00393,0.00461,0.00421,0.00486,0.00468,0.00471,0.00640,0.00676,0.00568,0.00554,0.02298,0.01741,0.00650,0.00537,0.00637,0.00831,0.00766,0.00630,0.00647,0.00729,0.00608,0.00698,0.00582,0.00713,0.01499,0.00976,0.00764,0.00690,0.00764,0.00603,0.00631,0.00556,0.00865,0.00663,0.00627,0.00578,0.00548,0.00800,0.00745,0.00742,0.00904,0.00636,0.00638,0.00561,0.00564,0.00869,0.00593,0.00583,0.00827,0.00719,0.00949,0.01078,0.01070,0.00966,0.00593,0.00459,0.00534,0.00579,0.00465,0.00513,0.00402,0.00477,0.00526,0.00508,0.00523,0.00519,0.00492,0.00466,0.00443,0.00480,0.00421,0.00436,0.00533,0.00515,0.00517,0.00422,0.00474,0.00514,0.00530,0.00615,0.00486,0.00538,0.00487,0.00512,0.00553,0.00488,0.00566,0.00542,0.00617,0.00549,0.00583,0.00450,0.00508,0.01642,0.00833,0.00620,0.00554,0.00497,0.00507,0.00462,0.00484,0.00511,0.00459,0.00504,0.00609,0.00511,0.00527,0.00477,0.00452,0.00598,0.00567,0.00470,0.00469,0.00430,0.00574,0.00443,0.00465,0.00440,0.00480,0.00414,0.00455,0.00465,0.00437,0.00455,0.00460,0.00521,0.00449,0.00519,0.00663,0.00561,0.00510,0.00542,0.00582,0.00746,0.01021,0.01158,0.00855,0.00819,0.00611,0.00602,0.00593,0.00503,0.00462,0.00500,0.00547,0.00424,0.00460,0.00476,0.00451,0.00560,0.00787,0.00538,0.00762,0.00482,0.00488,0.00529,0.00561,0.00511,0.00530,0.00514,0.00572,0.00460,0.00417752
137,2014,07,04,14,45,1,0.00272,0.00276,0.00292,0.00308,0.00276,0.00311,0.00253,0.00347,0.00268,0.00336,0.00328,0.00317,0.00301,0.00289,0.00313,0.00299,0.00334,0.00305,0.00289,0.00292,0.00267,0.00290,0.00294,0.00310,0.00260,0.00298,0.00266,0.00259,0.00254,0.00250,0.00308,0.00298,0.00276,0.00253,0.00351,0.00260,0.00264,0.00263,0.00303,0.00264,0.00301,0.00246,0.00252,0.00268,0.00242,0.00241,0.00266,0.00263,0.00289,0.00249,0.00249,0.00254,0.00251,0.00382,0.00351,0.00279,0.00350,0.00266,0.00313,0.00263,0.00302,0.00377,0.00554,0.00272,0.00365,0.00261,0.00290,0.00257,0.00415,0.00380,0.00258,0.00344,0.00265,0.00262,0.00261,0.00317,0.00254,0.00260,0.00259,0.00267,0.00467,0.00320,0.00328,0.00309,0.00346,0.00298,0.00674,0.00411,0.00473,0.00309,0.00282,0.00372,0.00308,0.00278,0.00419,0.00318,0.00279,0.00280,0.00338,0.00397,0.00402,0.00317,0.00263,0.00939,0.00406,0.00290,0.00361,0.00247,0.00285,0.00244,0.00312,0.00291,0.00239,0.00314,0.00466,0.01151,0.02699,0.03676,0.00926,0.00317,0.00356,0.00330,0.00315,0.00284,0.00249,0.00281,0.00245,0.00252,0.00253,0.00317,0.00267,0.00258,0.00309,0.00315,0.00281,0.00258,NaN,NaN,NaN,NaN,NaN,NaN,NaN,NaN,NaN,NaN,NaN,0.00356,0.00387,0.00310,0.00288,0.00283,0.00261,0.00253,0.00255,0.00267,0.00259,0.00337,0.00250,0.00248,0.00246,0.00303,0.00240,0.00251,0.00245,0.00266,0.00258,0.00273,0.00239,0.00263,0.00254,0.00244,0.00251,0.00244,0.00249,0.00261,0.00241,0.00239,0.00261,0.00234,0.00283,0.00235,0.00241,0.00246,0.00239,0.00381,0.00262,0.00265,0.00293,0.00263,0.00249,0.00252,0.00249,0.00333,0.00441,0.00249,0.00285,0.00248,0.00242,0.00329,0.00379,0.00261,0.00316,0.00280,0.00296,0.00290,0.00329,0.00307,0.00249,0.00237,0.00250,0.00243,0.00242,0.01403,0.04116,0.01696,0.00353,0.00349,0.00257,0.00376,0.01217,0.01112,0.00403,0.00358,0.00332,0.00286,0.01340,0.00405,0.00266,0.00910,0.00346,0.00257,0.00249,0.00291,0.00305,0.00295,0.00409,0.01007,0.00416,0.00262207
137,2014,07,05,16,31,1,0.00241,0.00242,0.00233,0.00234,0.00279,0.00230,0.00233,0.00236,0.00245,0.00249,0.00236,0.00235,0.00235,0.00239,0.00231,0.00236,0.00230,0.00243,0.00239,0.00239,0.00230,0.00232,0.00228,0.00226,0.00227,0.00233,0.00229,0.00226,0.00227,0.00230,0.00225,0.00225,0.00224,0.00226,0.00225,0.00227,0.00224,0.00225,0.00226,0.00226,0.00226,0.00239,0.00230,0.00228,0.00225,0.00227,0.00228,0.00225,0.00229,0.00226,0.00277,0.00239,0.00226,0.00225,0.00224,0.00224,0.00227,0.00226,0.00225,0.00226,0.00226,0.00230,0.00228,0.00225,0.00225,0.00225,0.00224,0.00229,0.00225,0.00225,0.00227,0.00225,0.00225,0.00229,0.00225,0.00225,0.00227,0.00224,0.00225,0.00231,0.00226,0.00229,0.00265,0.00301,0.00229,0.00240,0.00229,0.00233,0.00226,0.00226,0.00230,0.00232,0.00245,0.00231,0.00237,0.00229,0.00227,0.00235,0.00229,0.00232,0.00227,0.00226,0.00229,0.00243,0.00227,0.00226,0.00230,0.00242,0.00268,0.00268,0.00227,0.00240,0.00311,0.00232,0.00263,0.00233,0.00227,0.00227,0.00226,0.00227,0.00226,0.00226,0.00227,0.00227,0.00228,0.00227,0.00226,0.00226,0.00228,0.00228,0.00226,0.00227,0.00228,0.00227,0.00240,0.00227,0.00227,0.00233,0.00233,0.00227,0.00247,0.00237,0.00236,0.00237,0.00236,0.00229,0.00228,0.00230,0.00241,0.00239,0.00231,0.00231,0.00228,NaN,NaN,NaN,NaN,NaN,NaN,NaN,NaN,NaN,NaN,NaN,NaN,0.00341,0.00313,0.00246,0.00302,0.00252,0.00249,0.00560,0.01672,0.00735,0.00237,0.00952,0.00396,0.00242,0.00240,0.00413,0.00233,0.00541,0.00237,0.00266,0.00288,0.00239,0.00334,0.00999,0.00536,0.00233,0.00329,0.00303,0.00480,0.00554,0.00229,0.00233,0.00230,0.00289,0.00233,0.01413,0.00331,0.00242,0.00237,0.00237,0.00227,0.00241,0.00226,0.00227,0.00239,0.00547,0.00823,0.01744,0.00430,0.00238,0.00353,0.00530,0.00432,0.00373,0.00267,0.00297,0.00270,0.00228,0.00290,0.00594,0.00270,0.00270,0.00224,0.00253,0.00259,0.00234,0.00225,0.00328,0.00262,0.00228,0.00231,0.00238,0.00239,0.00231,0.00241,0.00235623
137,2014,07,06,22,15,1,0.00258,0.00257,0.00254,0.00268,0.00243,0.00243,0.00256,0.00258,0.00249,0.00258,0.00246,0.00270,0.00265,0.00247,0.00245,0.00248,0.00314,0.00247,0.00247,0.00245,0.00260,0.00245,0.00272,0.00273,0.00239,0.00281,0.00236,0.00236,0.00247,0.00237,0.00249,0.00235,0.00270,0.00254,0.00241,0.00239,0.00274,0.00274,0.00237,0.00243,0.00241,0.00247,0.00272,0.00260,0.00309,0.00302,0.00285,0.00279,0.00280,0.00281,0.00243,0.00253,0.00254,0.00270,0.00258,0.00277,0.00290,0.00260,0.00290,0.00242,0.00253,0.00286,0.00295,0.00263,0.00257,0.00249,0.00307,0.00259,0.00274,0.00244,0.00307,0.00263,0.00240,0.00242,0.00248,0.00344,0.00264,0.00298,0.00241,0.00239,0.00253,0.00241,0.00255,0.00244,0.00249,0.00275,0.00259,0.00266,0.00245,0.00245,0.00241,0.00246,0.00250,0.00346,0.00557,0.00504,0.00248,0.00240,0.00241,0.00260,0.00262,0.00241,0.00245,0.00248,0.00300,0.00257,0.00239,0.00250,0.00243,0.00297,0.00249,0.00264,0.00263,0.00253,0.00245,0.00242,0.00257,0.00239,0.00247,0.00249,0.00262,0.00263,0.00251,0.00266,0.00242,0.00274,0.00499,0.00317,0.00244,0.00284,0.00297,0.00253,0.00254,0.00258,0.00255,0.00330,0.00265,0.00254,0.00430,0.00311,0.00333,0.00251,0.00242,0.00283,0.00311,0.00291,0.00326,0.00289,0.00274,0.00385,0.00352,0.00259,0.00303,0.00264,0.00336,0.00320,0.00246,0.00247,0.00269,0.00351,0.00261,0.00259,0.00238,0.00283,0.00289,0.00240,0.00260,0.00298,0.00277,0.00256,0.00392,0.00855,0.00285,0.00285,0.00298,0.00258,0.00277,0.00246,0.00249,0.00241,0.00253,0.00241,0.00327,0.00332,0.00254,0.00301,0.00314,0.00305,0.01182,0.01462,0.02286,0.00240,0.00328,0.00260,0.00232,0.00256,0.00234,0.00232,0.00233,0.00352,0.00232,0.00350,0.00242,0.00300,0.00244,0.01089,0.02265,0.02137,0.01540,0.00363,0.00240,0.00276,0.00603,0.01011,0.00239,0.00237,0.00300,0.00239,0.00238,0.00278,0.00255,0.00241,0.03486,0.00805,0.00319,0.00291,0.00244,0.00245,0.00237,0.00237,0.00280,0.00260,0.00241,0.00279,0.00344,0.01248,0.00262,0.00263,0.00248,0.00250720
137,2014,07,07,19,41,1,0.00318,0.00369,0.00411,0.00346,0.00431,0.00440,0.00376,0.00370,0.00378,0.00407,0.00365,0.01086,0.00515,0.00389,0.00390,0.00377,0.00348,0.00409,0.00494,0.00450,0.00297,0.00285,0.00278,0.00307,0.00341,0.00302,0.00292,0.00320,0.00304,0.00367,0.01360,0.00844,0.00337,0.00300,0.00384,0.00313,0.00403,0.00363,0.00357,0.00308,0.00355,0.00393,0.00322,0.00332,0.00298,0.00337,0.00345,0.00296,0.00326,0.00331,0.00316,0.00343,0.00378,0.00360,0.00330,0.00318,0.00371,0.00312,0.00310,0.00322,0.00379,0.00337,0.00401,0.00331,0.00325,0.00388,0.00397,0.00337,0.00337,0.00345,0.00421,0.00368,0.00316,0.00337,0.00392,0.00343,0.00323,0.00326,0.00380,0.00319,0.00343,0.00421,0.00430,0.00330,0.00330,0.00351,0.00338,0.00341,0.00335,0.00330,0.00419,0.00463,0.00327,0.00336,0.00328,0.00392,0.00483,0.00347,0.00358,0.00327,0.00334,0.00408,0.00381,0.00359,0.00338,0.00327,0.00347,0.00364,0.00367,0.00355,0.00347,0.00399,0.00353,0.00352,0.00355,0.00343,0.00388,0.00383,0.00362,0.00363,0.00382,0.00400,0.00422,0.00368,0.00354,0.00364,0.00356,0.00370,NaN,NaN,NaN,NaN,NaN,NaN,NaN,NaN,NaN,NaN,NaN,NaN,NaN,NaN,NaN,NaN,NaN,NaN,NaN,NaN,NaN,NaN,NaN,NaN,NaN,NaN,NaN,NaN,NaN,NaN,NaN,NaN,NaN,NaN,NaN,NaN,NaN,NaN,NaN,NaN,NaN,NaN,NaN,NaN,NaN,NaN,NaN,NaN,NaN,NaN,NaN,NaN,NaN,NaN,NaN,NaN,NaN,NaN,NaN,NaN,NaN,NaN,NaN,NaN,NaN,NaN,NaN,NaN,0.00461,0.01273,0.00440,0.00315,0.00275,0.00301,0.00276,0.00256,0.00301,0.00275,0.00276,0.00362,0.00312,0.00269,0.00390,0.00356,0.00422,0.00781,0.01907,0.00365,0.00373,0.00272,0.00283,0.00279,0.00270,0.00310,0.01432,0.01464,0.00853,0.00564,0.00410,0.00289,0.00329,0.00339,0.00303,0.00313,0.00402,0.00276,0.00396,0.00820,0.00433,0.00349,0.02222,0.00425668
14,2014,06,28,13,47,0,0.00426,0.00484,0.00575,0.00486,0.00499,0.01353,0.00944,0.00411,0.00425,0.00415,0.00707,0.00868,0.00383,0.00386,0.00369,0.00394,0.00383,0.00814,0.00498,0.00415,0.00376,0.00382,0.00365,0.00379,0.00346,0.00373,0.00382,0.00393,0.00495,0.02200,0.00407,0.00367,0.00349,0.00335,0.00353,0.00345,0.00342,0.00449,0.00507,0.00354,0.00386,0.00394,0.00425,0.00405,0.00338,0.00355,0.00344,0.00340,0.00443,0.00335,0.00342,0.00407,0.00349,0.00341,0.00403,0.00444,0.00347,0.00539,0.00351,0.00336,0.00337,0.00391,0.00336,0.00333,0.00334,0.00377,0.00336,0.00346,0.00552,0.00535,0.00367,0.00346,0.00402,0.00337,0.00332,0.00336,0.00347,0.00343,0.00340,0.00417,0.00440,0.00430,0.00352,0.00336,0.00376,0.00350,0.00329,0.00396,0.00358,0.00472,0.02546,0.00736,0.00389,0.00397,0.00370,0.00353,0.00394,0.00317,0.00313,0.00348,0.00401,0.00365,0.00343,0.00333,0.00314,0.00320,0.00368,0.00456,0.00401,0.00363,0.00330,0.00431,0.00387,0.00346,NaN,NaN,NaN,NaN,NaN,NaN,NaN,NaN,NaN,NaN,NaN,NaN,NaN,NaN,NaN,NaN,NaN,NaN,NaN,NaN,NaN,NaN,NaN,0.01587,0.00505,0.00382,0.00347,0.00360,0.00320,0.00413,0.00426,0.00345,0.00562,0.00481,0.00320,0.00367,0.00529,0.00377,0.00371,0.00397,0.00347,0.00430,0.00331,0.00383,0.00344,0.00349,0.00427,0.00360,0.00365,0.00459,0.00352,0.00365,0.00342,0.00342,0.00344,0.00432,0.00409,0.00339,0.00341,0.00452,0.00335,0.00336,0.00373,0.00338,0.00336,0.00417,0.00411,0.00365,0.01210,0.00441,0.00328,0.00357,0.01486,0.01147,0.00777,0.00358,0.00430,0.00393,0.00372,0.00426,0.00373,0.00333,0.00334,0.00366,0.00380,0.00385,0.00312,0.00327,0.00334,0.00590,0.00395,0.00324,0.00323,0.00353,0.00315,0.00320,0.00312,0.00301,0.00343,0.00364,0.00311,0.00512,0.02066,0.01575,0.00338,0.00370,0.00624,0.00380,0.00343,0.00452,0.00329,0.00345,0.00380,0.00349,0.00353,0.00422,0.00451,0.00367,0.00502,0.00395,0.00309,0.01140,0.00871,0.00339,0.00423,0.00355063
155,2014,07,02,15,10,0,0.00427,0.00549,0.00284,0.00805,0.01318,0.00437,0.00395,0.00274,0.00447,0.01001,0.00290,0.00442,0.00328,0.00398,0.00302,0.00320,0.00345,0.00283,0.00362,0.00275,0.00522,0.01594,0.00496,0.00301,0.00295,0.00271,0.00267,0.00336,0.00590,0.00300,0.00264,0.00290,0.00257,0.00423,0.00972,0.00772,0.00478,0.00425,0.00399,0.00306,0.00428,0.00700,0.00323,0.00331,0.00459,0.00332,0.00561,0.00404,0.00537,0.00378,0.00268,0.00373,0.00374,0.00273,0.00299,0.00241,0.00237,0.00330,0.00454,0.00504,0.00498,0.00587,0.00496,0.00357,0.00264,0.00256,0.00247,0.00261,0.00301,0.00375,0.00263,0.00443,0.00435,0.00776,0.00328,0.00244,0.00527,0.00571,0.00269,0.00241,0.00413,0.00921,0.00272,0.00719,0.00555,0.00629,0.00271,0.00286,0.00276,0.00466,0.00267,0.00277,0.00258,0.00543,0.00679,0.00499,0.00251,0.00299,NaN,NaN,NaN,NaN,NaN,NaN,NaN,NaN,NaN,NaN,NaN,NaN,NaN,NaN,NaN,NaN,NaN,NaN,NaN,NaN,NaN,NaN,NaN,NaN,NaN,NaN,NaN,NaN,NaN,NaN,NaN,NaN,NaN,NaN,NaN,NaN,NaN,NaN,NaN,NaN,NaN,NaN,NaN,NaN,NaN,NaN,NaN,NaN,NaN,NaN,NaN,NaN,NaN,0.00234,0.00255,0.00750,0.00265,0.00326,0.00240,0.00380,0.00255,0.00246,0.00245,0.00246,0.00250,0.00246,0.00240,0.00237,0.00254,0.00248,0.00261,0.00254,0.00245,0.00248,0.00275,0.00439,0.00272,0.00267,0.00280,0.00268,0.00269,0.00259,0.00251,0.00246,0.00240,0.00245,0.00266,0.00279,0.00309,0.00267,0.00379,0.00283,0.00294,0.00262,0.00262,0.00259,0.00264,0.00272,0.00275,0.00287,0.00273,0.00277,0.00247,0.00305,0.00299,0.00332,0.00550,0.00319,0.00282,0.00270,0.00397,0.01168,0.00363,0.00272,0.00320,0.00255,0.00254,0.00268,0.00246,0.00248,0.00236,0.00252,0.00243,0.00241,0.00235,0.00235,0.00236,0.00459,0.01875,0.00473,0.04297,0.08777,0.06117,0.02615,0.06598,0.02646,0.00696,0.00458,0.00357,0.00372,0.00427,0.03519921
155,2014,07,03,17,29,1,0.00431,0.00846,0.00370,0.00498,0.00597,0.00577,0.00278,0.00346,0.00301,0.00338,0.00357,0.00260,0.00260,0.02246,0.00737,0.01583,0.01644,0.00768,0.00377,0.00276,0.00282,0.00264,0.00255,0.00272,0.00322,0.00460,0.00738,0.00373,0.00328,0.00929,0.00348,0.00279,0.00341,0.00681,0.00384,0.00304,0.00670,0.00393,0.00249,0.01070,0.01311,0.00944,0.01329,0.01036,0.00477,0.00361,0.00292,0.00303,0.00301,0.00544,0.00325,0.00621,0.00372,0.00298,0.00268,0.00297,0.00510,0.00650,0.00292,0.00372,0.00362,0.00279,0.00417,0.00278,0.00643,0.00454,0.00389,0.00775,0.00889,0.00763,0.00411,0.00518,0.00437,0.00925,0.00350,0.00501,0.00434,0.00671,0.00454,0.00650,0.01234,0.00315,0.00305,0.00446,0.00345,0.00342,0.00284,0.01175,0.00321,0.00273,0.00260,0.00279,0.00745,0.01060,0.01171,0.00319,0.00304,NaN,NaN,NaN,NaN,NaN,NaN,NaN,NaN,NaN,NaN,NaN,NaN,NaN,NaN,NaN,NaN,NaN,NaN,NaN,NaN,NaN,NaN,NaN,NaN,NaN,NaN,NaN,NaN,NaN,NaN,NaN,NaN,NaN,NaN,NaN,NaN,NaN,NaN,NaN,NaN,NaN,NaN,NaN,NaN,NaN,NaN,NaN,NaN,NaN,NaN,NaN,NaN,NaN,NaN,NaN,NaN,NaN,NaN,NaN,NaN,NaN,NaN,NaN,NaN,NaN,NaN,NaN,NaN,NaN,NaN,NaN,NaN,NaN,NaN,NaN,NaN,NaN,0.01106,0.01117,0.00340,0.00282,0.00278,0.00273,0.00265,0.01764,0.00952,0.00299,0.00657,0.00269,0.00289,0.00254,0.00513,0.01606,0.01504,0.00693,0.00339,0.00257,0.00267,0.00283,0.00326,0.00317,0.00683,0.00546,0.00340,0.00253,0.00270,0.00427,0.00253,0.00254,0.00262,0.00292,0.00275,0.01097,0.01599,0.00606,0.00305,0.00311,0.00325,0.00500,0.01232,0.00269,0.00255,0.00898,0.00510,0.00564,0.00352,0.00259,0.00370,0.00263,0.01315,0.00736,0.01524,0.01959,0.00816,0.00345,0.00452,0.00359,0.00246,0.00273,0.00290,0.00320,0.00294,0.00404493
155,2014,07,04,14,45,1,0.00261,0.00310,0.00318,0.00254,0.00276,0.00290,0.00291,0.00442,0.00568,0.01039,0.01261,0.01085,0.00559,0.00986,0.00401,0.00311,0.02286,0.00659,0.00278,0.01313,0.00893,0.01241,0.01768,0.00888,0.00459,0.00386,0.00558,0.00887,0.00408,0.00278,0.00327,0.00355,0.00702,0.01356,0.00394,0.00356,0.00785,0.00275,0.00422,0.00292,0.00295,0.00659,0.00346,0.00260,0.00237,0.00269,0.00339,0.00384,0.00324,0.00351,0.00293,0.00772,0.01431,0.00284,0.00300,0.00311,0.00265,0.00699,0.00523,0.01354,0.01476,0.00572,0.00287,0.00262,0.00265,0.00277,0.00247,0.00261,0.00247,0.00262,0.00385,0.00333,0.00238,0.00257,0.00259,0.00290,0.00254,0.00255,0.00235,0.00245,0.00248,0.00359,0.00284,0.00253,0.00291,0.00297,0.00479,0.00818,0.00504,0.00457,0.00263,0.00318,0.00321,0.00326,0.00276,0.00256,0.00289,0.00313,0.01030,0.00568,0.00270,0.00241,0.00255,0.00413,0.00307,0.00279,0.00243,0.00253,0.00396,0.01281,0.01997,0.01704,0.00333,0.00400,0.00323,0.00358,0.00290,0.00288,0.00316,0.00317,0.00277,0.00445,0.00618,0.01664,0.01379,0.00470,0.00364,0.00382,0.00332,0.00493,0.00276,0.00280,0.00368,0.00446,0.01011,0.00608,NaN,NaN,NaN,NaN,NaN,NaN,NaN,NaN,NaN,NaN,NaN,0.00657,0.00908,0.01954,0.01295,0.00340,0.00474,0.00820,0.00531,0.00761,0.01366,0.00284,0.00312,0.00263,0.00241,0.00351,0.00365,0.00614,0.00616,0.00275,0.00246,0.00257,0.00283,0.00288,0.01046,0.00904,0.00290,0.00683,0.00420,0.00324,0.00362,0.00244,0.00248,0.00269,0.00468,0.01254,0.00448,0.01501,0.01611,0.01703,0.00451,0.00437,0.00264,0.00239,0.00244,0.00297,0.00253,0.00250,0.00368,0.00384,0.00313,0.00364,0.00291,0.00361,0.00248,0.00244,0.00284,0.00306,0.00236,0.00260,0.00235,0.00691,0.00399,0.00503,0.00265,0.00646,0.01230,0.01315,0.01299,0.00504,0.00271,0.00319,0.00627,0.00373,0.00362,0.00326,0.00275,0.00340,0.00334,0.03598,0.01411,0.02760,0.00448,0.00282,0.00279,0.00271,0.00274,0.00286,0.00390,0.00321,0.00284,0.00620,0.00552,0.00285460
73,2014,06,29,19,26,0,0.03263,0.01143,0.01058,0.04428,0.02446,0.03729,0.04953,0.02361,0.07348,0.01931,0.01481,0.00897,0.01772,0.00779,0.00859,0.00745,0.01404,0.01274,0.00611,0.00924,0.00429,0.01088,0.00590,0.00301,0.00291,0.00364,0.00313,0.00298,0.00291,0.00285,0.00275,0.00288,0.00338,0.01228,0.00448,0.00303,0.00248,0.00237,0.00236,0.00237,0.00246,0.00257,0.00259,0.00248,0.00240,0.00235,0.00242,0.00262,0.00235,0.00245,0.00257,0.00237,0.00245,0.00255,0.00257,0.00271,0.00242,0.00253,0.00243,0.00284,0.00311,0.00276,0.00366,0.00255,0.00269,0.00250,0.00281,0.00306,0.00311,0.00259,0.00263,0.00295,0.00252,0.00251,0.00265,0.00248,0.00258,0.00253,0.00251,0.00249,0.00260,0.00649,0.00254,0.00236,0.00242,0.00239,0.00237,0.00238,0.00246,0.00253,0.00251,0.00243,0.00253,0.00260,0.00253,0.00239,0.00262,0.00849,0.00243,0.00261,0.00269,0.00240,0.00237,0.00245,0.00265,0.00264,0.00242,0.00236,0.00269,0.00249,0.00236,0.00267,0.00246,0.00235,0.00234,0.00242,0.00236,0.01505,0.00467,0.00438,0.00374,0.01860,NaN,NaN,NaN,NaN,NaN,NaN,NaN,NaN,NaN,NaN,NaN,NaN,NaN,NaN,NaN,NaN,NaN,NaN,NaN,NaN,NaN,NaN,NaN,NaN,NaN,NaN,NaN,NaN,NaN,NaN,NaN,NaN,NaN,NaN,NaN,NaN,NaN,NaN,NaN,NaN,NaN,NaN,NaN,NaN,NaN,NaN,NaN,NaN,NaN,NaN,NaN,NaN,NaN,NaN,NaN,NaN,NaN,NaN,NaN,NaN,NaN,NaN,NaN,NaN,NaN,NaN,NaN,NaN,NaN,NaN,NaN,NaN,0.00921,0.00243,0.00254,0.00285,0.00240,0.00267,0.00235,0.00257,0.00270,0.00294,0.00500,0.00291,0.00292,0.00237,0.00247,0.00259,0.00238,0.00301,0.00320,0.00244,0.00248,0.00266,0.00252,0.00235,0.01358,0.00816,0.00503,0.00281,0.00241,0.00336,0.00456,0.00274,0.01042,0.00850,0.00246,0.00394,0.01537,0.00923,0.00366,0.00845,0.00703,0.00260,0.00340,0.01396,0.02951,0.01638268
73,2014,06,30,11,51,0,0.01486,0.06797,0.03485,0.00425,0.00376,0.02073,0.00419,0.00416,0.01678,0.00440,0.02435,0.00317,0.00300,0.01847,0.01201,0.01008,0.00511,0.00251,0.00239,0.00465,0.00238,0.00459,0.00364,0.00234,0.00251,0.00230,0.00234,0.00291,0.00336,0.00241,0.00252,0.00236,0.00232,0.00231,0.00230,0.00245,0.00311,0.00433,0.00262,0.00253,0.00485,0.00359,0.00274,0.00237,0.00234,0.00255,0.00274,0.00248,0.00259,0.00241,0.00258,0.00306,0.00244,0.00255,0.00260,0.00230,0.00236,0.00246,0.00231,0.00231,0.00237,0.00236,0.00230,0.00231,0.00230,0.00248,0.00274,0.00315,0.00263,0.00245,0.00237,0.00236,0.00345,0.00251,0.00375,0.00364,0.00237,0.00247,0.00264,0.00245,0.00257,0.00355,0.00303,0.00246,0.00249,0.00242,0.00240,0.00242,0.00237,0.00237,0.00397,0.00327,0.00250,0.00250,0.00245,0.00419,0.00256,0.00254,0.00250,0.00276,0.00394,0.00278,0.00354,0.00246,0.00242,0.00267,0.00406,0.00240,NaN,NaN,NaN,NaN,NaN,NaN,NaN,NaN,NaN,NaN,0.00625,0.00253,0.00244,0.00230,0.00259,0.00261,0.00248,0.00240,0.00316,0.00361,0.00251,0.00229,0.00251,0.00233,0.00232,0.00242,0.00240,0.00251,0.00304,0.00233,0.00230,0.00230,0.00233,0.00232,0.00243,0.00230,0.00228,0.00251,0.00239,0.00247,0.00270,0.00239,0.00276,0.00239,0.00229,0.00237,0.00235,0.00234,0.00234,0.00237,0.00236,0.00260,0.00237,0.00230,0.00229,0.00246,0.00227,0.00234,0.00235,0.00228,0.00236,0.00246,0.00229,0.00241,0.00249,0.00230,0.00262,0.00235,0.00270,0.00236,0.00236,0.00240,0.00236,0.00256,0.00247,0.00247,0.00239,0.00237,0.00245,0.00244,0.00247,0.00243,0.00273,0.00241,0.00233,0.00233,0.00257,0.00272,0.00235,0.00246,0.00262,0.00265,0.00573,0.00509,0.00238,0.00232,0.00250,0.00246,0.00238,0.00235,0.00240,0.00242,0.00238,0.00349,0.00239,0.00241,0.00794,0.01020,0.00378,0.00267,0.03120,0.01381,0.00425,0.00742,0.00239,0.00229,0.00247,0.00228,0.00325,0.00227,0.02915,0.01815,0.00714,0.02956,0.00598,0.00453,0.00706,0.01699,0.02304,0.00806,0.01238,0.02812648
73,2014,07,01,10,59,1,0.00354,0.00370,0.00329,0.00345,0.00327,0.00321,0.00321,0.00300,0.00385,0.00347,0.00287,0.00305,0.00450,0.00303,0.00300,0.00281,0.00272,0.00278,0.00272,0.00295,0.00289,0.00268,0.00285,0.00278,0.00281,0.00272,0.00297,0.00272,0.00287,0.01824,0.00333,0.00309,0.00340,0.00336,0.00360,0.01164,0.00438,0.00522,0.01265,0.00337,0.00367,0.00349,0.00620,0.00372,0.00339,0.00358,0.00319,0.00339,0.00331,0.00316,0.00289,0.00326,0.00318,0.00354,0.00318,0.00442,0.00505,0.00434,0.00314,0.00287,0.00274,0.00391,0.00433,0.00453,0.00274,0.00313,0.00293,0.00347,0.00550,0.02017,0.00355,0.00292,0.00286,0.00275,0.00375,0.00367,0.00356,0.00427,0.00288,0.00285,0.00411,0.00345,0.00285,0.00329,0.00329,0.00413,0.00355,0.00656,0.00273,0.00288,0.00672,0.00331,0.00334,0.00539,0.00361,0.00409,0.01952,0.00304,0.00300,0.00330,0.00760,0.01128,0.00348,0.00278,0.00346,0.00324,0.00391,0.00274,0.00277,0.01262,0.00360,0.00658,0.00271,0.00268,0.00310,0.00327,0.00284,0.00266,0.00501,0.01487,0.00346,0.00261,0.00265,0.00287,0.00288,0.00268,0.00346,0.00419,0.00331,0.00274,0.00320,0.00263,0.00295,0.00298,0.00302,0.00260,0.00271,0.00319,0.00323,0.00267,0.00329,0.00262,0.00278,0.00320,0.00326,0.00261,0.00263,0.00274,0.00390,0.00362,0.00303,0.00360,0.00389,0.00416,0.00366,0.00280,0.00314,0.00285,0.00333,0.00348,0.00307,0.00359,0.00512,0.00600,0.00518,0.00254,0.00322,0.00271,0.00389,0.00283,0.00617,0.00384,0.00353,0.00275,0.00254,0.00247,0.00247,0.00248,0.00249,0.00252,0.00253,0.00251,0.00252,0.00253,0.00260,0.00268,0.00254,0.00264,0.00253,0.00298,0.00280,0.00257,0.00324,0.00252,0.00317,0.00313,0.00258,0.00320,0.00368,0.00325,0.00252,0.00299,0.00255,0.00257,0.00261,0.00378,0.00389,0.00779,0.02908,0.00313,0.00276,0.00274,0.00327,0.01712,0.01335,0.00385,0.00313,0.00259,0.00377,0.00324,0.00355,0.00580,0.00392,0.00548,0.01007,0.03690,0.00815,0.00287,0.00260,0.00286,0.00293,0.00260,0.02738,0.02180,0.01671,0.01727,0.02786,0.00703,0.00380,0.00539369
73,2014,07,02,11,00,1,0.00664,0.00603,0.01034,0.02129,0.01252,0.00567,0.00515,0.00536,0.00615,0.00478,0.00445,0.00621,0.00593,0.00453,0.00722,0.00399,0.00443,0.00424,0.00444,0.00394,0.00811,0.01009,0.01955,0.00937,0.01248,0.02545,0.00858,0.01020,0.01324,0.00923,0.00961,0.01260,0.00943,0.00859,0.00939,0.00844,0.02108,0.00866,0.01199,0.01487,0.05325,0.03449,0.02513,0.00554,0.00451,0.00712,0.01243,0.00976,0.04059,0.00988,0.00908,0.00880,0.02419,0.01498,0.00434,0.00393,0.01230,0.01571,0.01219,0.00875,0.00432,0.00457,0.00387,0.00406,0.00395,0.00472,0.00558,0.00405,0.00408,0.00896,0.01705,0.02379,0.01086,0.00390,0.00397,0.00405,0.00400,0.00690,0.00571,0.00583,0.00396,0.00405,0.00392,0.00408,0.00399,0.00410,0.01366,0.05766,0.02521,0.01754,0.00968,0.01422,0.01176,0.00999,0.01030,0.01048,0.01084,0.01022,0.00775,0.01289,0.00717,0.00754,0.00839,0.00763,0.00691,0.00647,0.00563,0.00632,0.00685,0.00524,0.02767,0.00738,0.00867,0.00773,0.00612,0.00707,0.00587,0.00689,0.00655,0.00498,0.00560,0.00523,0.00629,0.00827,0.00429,0.00557,0.00621,0.00516,0.00547,0.00591,0.00511,0.00566,0.00614,0.00688,0.00655,0.00512,0.00554,0.00554,0.00632,0.00562,0.00672,0.00641,0.00559,0.00795,0.00536,0.00613,0.00615,0.00526,0.00682,0.00493,0.00541,0.00515,0.00687,0.00808,0.00778,0.00497,0.00744,0.00444,0.01951,0.00725,0.00418,0.00480,0.00531,0.00652,0.00911,0.00799,0.00761,0.00536,0.00650,0.00626,0.00497,0.00482,0.00532,0.00531,0.00710,0.00686,0.00687,0.00477,0.00515,0.00451,0.00469,0.00493,0.00451,0.00525,0.00525,0.00795,0.00702,0.00871,0.00459,0.00506,0.00558,0.00435,0.00460,0.00446,0.00588,0.00411,0.00432,0.00412,0.00448,0.00431,0.00549,0.00413,0.00453,0.00522,0.00443,0.00457,0.00413,0.00416,0.00462,0.00593,0.00432,0.00425,0.00458,0.00514,0.00517,0.00452,0.00470,0.00519,0.00505,0.00523,0.00545,0.00806,0.00824,0.00443,0.00515,0.00495,0.00467,0.00498,0.00448,0.00526,0.00615,0.00495,0.00504,0.00521,0.00533,0.00461,0.00531,0.00474,0.00718,0.00463260
73,2014,07,03,17,07,1,0.00333,0.00333,0.00340,0.00333,0.00325,0.00359,0.02952,0.04195,0.06137,0.00859,0.00895,0.00564,0.00498,0.00485,0.00856,0.00417,0.01217,0.02033,0.00685,0.00424,0.00498,0.00383,0.00437,0.00444,0.00344,0.00353,0.00399,0.00482,0.00351,0.00376,0.00428,0.00418,0.01446,0.00426,0.00307,0.00313,0.00333,0.00302,0.00295,0.00448,0.00319,0.00312,0.00341,0.00601,0.00299,0.00296,0.00288,0.00290,0.00293,0.00296,0.00402,0.00432,0.00376,0.00303,0.00298,0.00280,0.00284,0.00338,0.00303,0.00300,0.00327,0.00294,0.00282,0.00290,0.00392,0.00345,0.00331,0.00348,0.00486,0.00345,0.00295,0.00289,0.00296,0.00296,0.00413,0.00483,0.00552,0.00323,0.00282,0.00304,0.00315,0.00356,0.00311,0.00344,0.00312,0.00291,0.00315,0.00297,0.00292,0.00312,0.00313,0.00316,0.00298,0.00321,0.00335,NaN,NaN,NaN,NaN,NaN,NaN,NaN,NaN,NaN,NaN,NaN,NaN,NaN,NaN,NaN,NaN,NaN,NaN,NaN,NaN,NaN,NaN,NaN,NaN,NaN,NaN,NaN,NaN,NaN,NaN,NaN,NaN,NaN,NaN,NaN,NaN,NaN,NaN,NaN,NaN,NaN,NaN,NaN,NaN,NaN,NaN,NaN,NaN,NaN,NaN,NaN,NaN,NaN,NaN,NaN,NaN,NaN,NaN,NaN,NaN,NaN,NaN,NaN,NaN,NaN,NaN,NaN,NaN,NaN,NaN,NaN,NaN,NaN,NaN,NaN,NaN,0.00389,0.00554,0.00367,0.01170,0.00484,0.00318,0.00317,0.00384,0.00362,0.00304,0.00313,0.00391,0.00377,0.00296,0.00303,0.00334,0.00298,0.00579,0.00871,0.01903,0.01418,0.00305,0.00323,0.00321,0.00379,0.00319,0.00339,0.00311,0.00590,0.01146,0.01899,0.00357,0.00353,0.11088,0.04286,0.02158,0.01388,0.01979,0.01029,0.02588,0.01195,0.00311,0.01542,0.01667,0.01952,0.02298,0.01216,0.01477,0.00396,0.00311,0.00794,0.00549,0.02557,0.01512,0.01282,0.01680,0.01859,0.01920,0.00349,0.00345,0.00338,0.00354,0.00543,0.00361,0.00334,0.00345,0.00403,0.00377,0.00344861
73,2014,07,04,14,45,1,0.00426,0.00414,0.00427,0.00505,0.00410,0.00400,0.00466,0.00446,0.00389,0.00355,0.00466,0.00391,0.00398,0.00388,0.00400,0.00358,0.00379,0.00409,0.00363,0.00354,0.00347,0.00345,0.00348,0.00691,0.00439,0.00359,0.00358,0.00338,0.00337,0.00346,0.00342,0.00338,0.00344,0.00339,0.00350,0.00338,0.00340,0.00343,0.00343,0.00341,0.00342,0.00380,0.00390,0.00359,0.00348,0.00340,0.00348,0.00353,0.00345,0.00353,0.00347,0.00346,0.00349,0.00355,0.00369,0.00390,0.00365,0.00347,0.00347,0.00350,0.00423,0.00436,0.00400,0.00356,0.00355,0.00346,0.00344,0.00346,0.00345,0.00351,0.00346,0.00359,0.00350,0.00372,0.00347,0.00398,0.00359,0.00353,0.00354,0.00347,0.00347,0.00382,0.00399,0.00354,0.00368,0.00378,0.00356,0.00361,0.00350,0.00405,0.00355,0.00351,0.00348,0.00356,0.00373,0.00431,0.00363,0.00350,0.00349,0.00370,0.00366,0.00409,0.00357,0.00354,0.00372,0.00406,0.00432,0.00382,0.00349,0.00356,0.00388,0.00419,0.00355,0.00376,0.00351,0.00359,0.00351,0.00377,0.00356,0.00370,0.00375,0.00486,0.00364,0.00424,0.00531,0.00363,0.00358,0.00359,0.00369,0.00352,0.00356,0.00353,0.00360,0.00357,0.00354,0.00352,NaN,NaN,NaN,NaN,NaN,NaN,NaN,NaN,NaN,NaN,NaN,0.00371,0.00320,0.00315,0.00316,0.00312,0.00350,0.00454,0.00459,0.00314,0.00685,0.00316,0.00315,0.00306,0.00367,0.00356,0.00354,0.00321,0.00302,0.00303,0.00300,0.00394,0.00349,0.00324,0.00312,0.00331,0.00337,0.00310,0.00335,0.00298,0.00385,0.01712,0.00588,0.00626,0.00538,0.00370,0.00308,0.00312,0.00308,0.00308,0.00426,0.00365,0.00330,0.00310,0.00340,0.00311,0.00311,0.00312,0.00313,0.00407,0.00315,0.00315,0.00407,0.00470,0.00341,0.00486,0.00794,0.00455,0.00382,0.00350,0.00398,0.00332,0.00720,0.00985,0.00379,0.00319,0.00321,0.00327,0.00342,0.00326,0.00344,0.00335,0.00335,0.00377,0.00434,0.00329,0.00363,0.00419,0.00339,0.00369,0.00490,0.00455,0.00371,0.00345,0.00334,0.00402,0.00417,0.00415,0.00407,0.00408,0.00393,0.00496,0.00414,0.00420798
73,2014,07,05,16,32,0,0.01223,0.00857,0.00644,0.00533,0.00940,0.01028,0.01141,0.01547,0.01054,0.01141,0.01594,0.00501,0.01785,0.00735,0.00657,0.00394,0.00310,0.00431,0.00441,0.00347,0.00684,0.00507,0.03003,0.01109,0.00736,0.00548,0.00739,0.00928,0.01575,0.00507,0.00385,0.00464,0.00287,0.00293,0.00288,0.00296,0.00373,0.01750,0.00755,0.01557,0.02212,0.00575,0.00397,0.00282,0.00284,0.00362,0.00503,0.00296,0.00289,0.00285,0.00346,0.00328,0.00317,0.00313,0.00286,0.00281,0.00285,0.00283,0.00295,0.00423,0.00342,0.00292,0.00279,0.00289,0.00313,0.00299,0.00303,0.00324,0.00283,0.00360,0.00311,0.00321,0.00294,0.00278,0.00288,0.00289,0.00284,0.00981,0.00689,0.00467,0.00602,0.00362,0.00446,0.00411,0.00292,0.00330,0.00330,0.00309,0.00314,0.00390,0.00305,0.00379,0.00369,0.00376,0.00369,0.00477,0.00338,0.00324,0.00516,0.00417,0.00341,0.00533,0.00413,0.00342,0.00379,0.00312,0.00318,0.00292,0.00793,0.00342,0.00323,0.00390,0.00378,0.00302,0.00299,0.00352,0.00323,0.00321,0.00317,0.00361,0.00317,0.00309,0.00337,0.00341,0.00427,0.00303,0.00326,0.00377,0.00316,0.00308,0.00345,0.00300,0.00318,0.00365,0.00302,0.00306,0.00367,0.00333,0.00328,0.00309,0.00379,0.00319,0.00309,0.00369,0.00328,0.00341,0.00317,0.00320,0.00313,0.00354,0.00335,0.00312,0.00306,0.00327,0.00318,0.00305,0.00318,0.00298,0.00308,0.00320,0.00333,0.00368,0.00352,0.00301,0.00345,0.00296,0.00282,0.00277,0.00311,0.00325,0.00340,0.00288,0.00285,0.00311,0.00280,0.00278,0.00289,0.00290,0.00286,0.00280,0.00282,0.00318,0.00395,0.00289,0.00298,0.00294,0.00293,0.00286,0.00290,0.00291,0.00315,0.00299,0.00299,0.00297,0.00303,0.00283,0.00284,0.00295,0.00403,0.00503,0.00276,0.00301,0.00298,0.00281,0.00282,0.00280,0.00348,0.00277,0.00307,0.00298,0.00489,0.00399,0.00366,0.00328,0.00278,0.00394,0.00487,0.03218,0.01722,0.01391,0.01267,0.01205,0.01415,0.00328,0.00291,0.00327,0.00298,0.00287,0.00474,0.00335,0.00304,0.00794,0.00322,0.00331,0.00342,0.02745,0.05343,0.01117,0.00819,0.03403483
13,2014,06,16,16,24,0,0.00717,0.00669,0.00779,0.01489,0.01299,0.00402,0.00316,0.00594,0.01202,0.00300,0.00381,0.00283,0.00282,0.00280,0.00288,0.00291,0.00278,0.00290,0.00443,0.00975,0.00393,0.00268,0.00274,0.00272,0.00299,0.00653,0.00667,0.00478,0.00355,0.00289,0.00283,0.00304,0.00288,0.00287,0.00286,0.00290,0.00278,0.00283,0.00486,0.00273,0.00271,0.00274,0.00270,0.00272,0.00270,0.00269,0.00274,0.00273,0.00271,0.00281,0.00279,0.00271,0.00275,0.00288,0.00277,0.00286,0.00278,0.00277,0.00288,0.00282,0.00280,0.00283,0.00280,0.00279,0.00286,0.00284,0.00301,0.00283,0.00282,0.00293,0.00280,0.00279,0.00276,0.00275,0.00276,0.00279,0.00284,0.00282,0.00282,0.00287,0.00285,0.00289,0.00300,0.00400,0.00293,0.00285,0.00282,0.00290,0.00291,0.00286,0.00293,0.00364,0.00305,0.00303,0.00286,0.00290,0.00291,0.00441,0.00290,0.00281,0.00282,0.00311,0.00416,0.00317,0.00298,0.00286,0.00296,0.00370,0.00355,0.00303,0.00295,0.00328,0.00467,0.00304,NaN,NaN,NaN,NaN,NaN,NaN,NaN,NaN,NaN,NaN,NaN,NaN,NaN,NaN,NaN,NaN,NaN,NaN,NaN,NaN,NaN,NaN,NaN,NaN,NaN,NaN,NaN,NaN,NaN,NaN,NaN,NaN,NaN,NaN,NaN,NaN,NaN,NaN,NaN,NaN,NaN,NaN,NaN,NaN,NaN,NaN,NaN,NaN,NaN,NaN,0.00345,0.00296,0.00293,0.00274,0.00265,0.00269,0.00266,0.00262,0.00267,0.00269,0.00262,0.00269,0.00271,0.00266,0.00265,0.00265,0.00284,0.00263,0.00915,0.00411,0.00366,0.00349,0.00292,0.00351,0.00315,0.00296,0.00297,0.00296,0.00360,0.00283,0.00285,0.00286,0.00305,0.00289,0.00282,0.00344,0.00303,0.00375,0.00300,0.00302,0.00293,0.00296,0.00313,0.00401,0.00772,0.00476,0.00333,0.00344,0.00288,0.00285,0.00353,0.00305,0.00379,0.00313,0.00311,0.00312,0.01158,0.00349,0.00311,0.00337,0.00278,0.00274,0.00274,0.00280,0.00278,0.00284,0.00307,0.03433,0.02230,0.00537,0.08599,0.06604,0.03395,0.01052,0.00965,0.00899755
13,2014,06,17,17,24,0,0.00279,0.00322,0.00296,0.00264,0.00263,0.00255,0.00254,0.00259,0.00254,0.00277,0.00307,0.00262,0.00257,0.00271,0.00253,0.00269,0.00255,0.00271,0.00279,0.00617,0.00582,0.00303,0.00778,0.00361,0.00304,0.00305,0.00255,0.00253,0.00249,0.00253,0.00260,0.00260,0.00252,0.00291,0.00253,0.00255,0.00250,0.00255,0.00252,0.00255,0.00269,0.00254,0.00287,0.00251,0.00263,0.00257,0.00251,0.00261,0.00262,0.00257,0.00255,0.00251,0.00252,0.00253,0.00261,0.00257,0.00255,0.00255,0.00259,0.00254,0.00261,0.00256,0.00256,0.00257,0.00258,0.00253,0.00256,0.00263,0.00258,0.00258,0.00259,0.00265,0.00259,0.00259,0.00254,0.00255,0.00254,0.00257,0.00260,0.00267,0.00266,0.00274,0.00313,0.00258,0.00260,0.00266,0.00264,0.00258,0.00267,0.00285,0.00268,0.00302,0.00326,0.00372,0.00285,0.00272,0.00281,0.00273,0.00418,0.00284,0.00263,0.00275,0.00275,0.00406,0.00297,0.00280,0.00263,0.00284,0.00387,0.00277,0.00265,0.00272,0.00287,0.00333,0.00297,0.00272,0.00275,0.00265,0.00267,0.00282,0.00309,0.00270,0.00342,0.00271,0.00277,0.00287,0.00330,0.00312,0.00276,0.00270,0.00283,0.00276,0.00281,0.00277,0.00274,0.00275,0.00615,0.01289,NaN,NaN,NaN,NaN,NaN,NaN,NaN,NaN,NaN,NaN,NaN,NaN,NaN,NaN,NaN,NaN,NaN,NaN,NaN,NaN,NaN,NaN,NaN,NaN,NaN,NaN,NaN,NaN,NaN,NaN,NaN,NaN,NaN,NaN,NaN,NaN,0.00264,0.00263,0.00266,0.00265,0.00268,0.00272,0.00308,0.00288,0.00327,0.00276,0.00281,0.00286,0.00304,0.00288,0.00335,0.00292,0.00283,0.00268,0.00287,0.00272,0.00268,0.00279,0.00279,0.00314,0.00297,0.00281,0.00290,0.00282,0.00287,0.00272,0.00288,0.00298,0.00416,0.00279,0.00322,0.00892,0.00336,0.00276,0.00266,0.00261,0.00284,0.00276,0.00273,0.00330,0.00308,0.00263,0.00258,0.00258,0.00672,0.00288,0.00257,0.00256,0.00279,0.00258,0.00259,0.00256,0.00268,0.00283,0.00268,0.00293,0.00302,0.00302,0.00299,0.00319,0.00339,0.00299858
13,2014,06,18,17,06,1,0.03003,0.00364,0.00400,0.02284,0.00330,0.00406,0.00273,0.00273,0.01012,0.00332,0.00334,0.00306,0.00287,0.00282,0.00289,0.00568,0.00300,0.00298,0.00326,0.00280,0.00300,0.00351,0.00322,0.00291,0.00288,0.00327,0.00293,0.00289,0.00292,0.00295,0.00315,0.00309,0.00336,0.00295,0.00352,0.00304,0.00385,0.00291,0.00298,0.00335,0.00357,0.00362,0.00463,0.00336,0.00354,0.00324,0.00383,0.00330,0.00317,0.00295,0.00347,0.00307,0.00325,0.00355,0.00326,0.00445,0.00310,0.00557,0.00330,0.00334,0.00302,0.00316,0.00331,0.00402,0.00296,0.00292,0.00300,0.00322,0.00301,0.00291,0.00294,0.00293,0.00295,0.00293,0.00295,0.00298,0.00331,0.00314,0.00339,0.00360,0.00399,0.00449,0.00406,0.00340,0.00301,0.00335,0.00413,0.00302,0.00337,0.00350,0.00324,0.00335,0.00364,0.00335,0.00435,0.00360,0.00330,0.00325,0.00348,0.00323,0.00384,0.00376,0.00315,0.00360,0.00343,0.00305,0.00339,0.00324,0.00459,0.00327,0.00316,0.00315,0.00308,0.00307,0.00340,0.00350,0.00316,0.00308,0.00310,0.00312,0.00334,0.00347,0.00313,0.00313,0.00322,0.00322,0.00343,0.00306,0.00353,0.00328,0.00316,0.00345,NaN,NaN,NaN,NaN,NaN,NaN,NaN,NaN,NaN,NaN,NaN,NaN,NaN,NaN,NaN,NaN,NaN,NaN,NaN,NaN,NaN,NaN,NaN,NaN,NaN,NaN,NaN,NaN,NaN,NaN,NaN,NaN,NaN,NaN,NaN,NaN,NaN,NaN,NaN,0.00295,0.00259,0.00290,0.00326,0.00369,0.00268,0.00349,0.00363,0.00283,0.00288,0.00330,0.00286,0.00276,0.00274,0.00282,0.00367,0.00900,0.00291,0.00469,0.00438,0.00277,0.00309,0.00289,0.00307,0.00291,0.00302,0.00268,0.00435,0.00592,0.00300,0.00266,0.00881,0.01224,0.01095,0.00374,0.00378,0.00453,0.00305,0.00320,0.00316,0.00306,0.00302,0.00412,0.00349,0.00304,0.00348,0.00343,0.00349,0.00366,0.00295,0.00307,0.00380,0.00327,0.00339,0.00345,0.00355,0.00265,0.00266,0.00268,0.01733,0.00396,0.00315,0.00353,0.00394,0.00383,0.00339,0.00936,0.00544,0.01236162
13,2014,06,19,17,06,1,0.00314,0.00615,0.00439,0.01581,0.00415,0.00306,0.00314,0.00299,0.00387,0.00301,0.00371,0.00324,0.00319,0.00294,0.00300,0.00382,0.00401,0.00317,0.00315,0.00316,0.00327,0.00325,0.00301,0.00284,0.00320,0.00320,0.00273,0.00361,0.00373,0.00344,0.00313,0.00319,0.00287,0.00319,0.00308,0.00308,0.00307,0.00426,0.00272,0.00346,0.00272,0.00272,0.00309,0.00341,0.00390,0.00317,0.00407,0.00325,0.00296,0.00321,0.00277,0.00536,0.00289,0.00325,0.00304,0.00277,0.00316,0.00294,0.00288,0.00285,0.00301,0.00323,0.00271,0.00348,0.00298,0.00309,0.00308,0.00305,0.00329,0.00333,0.00314,0.00366,0.00298,0.00300,0.00287,0.00368,0.00288,0.00294,0.00288,0.00288,0.00310,0.00292,0.00288,0.00285,0.00313,0.00316,0.00342,0.00302,0.00336,0.00305,0.00294,0.00343,0.00445,0.00300,0.00292,0.00296,0.00354,0.00447,0.00300,0.00308,0.00289,0.00366,0.00380,0.00377,0.00345,0.00333,0.00424,0.00327,0.00709,0.00455,0.00561,0.01346,0.00507,0.00448,0.00326,0.00345,0.00404,0.00322,0.00327,0.00300,0.00376,0.00340,0.00368,0.00352,0.00293,0.00347,0.00285,0.01309,0.00553,0.00303,0.00488,0.00719,0.00294,0.00297,0.00297,0.00333,0.00287,NaN,NaN,NaN,NaN,NaN,NaN,NaN,NaN,NaN,NaN,NaN,NaN,NaN,NaN,NaN,NaN,NaN,NaN,NaN,NaN,NaN,NaN,NaN,NaN,NaN,NaN,NaN,NaN,NaN,NaN,NaN,NaN,NaN,NaN,0.00284,0.00278,0.00276,0.00276,0.00278,0.00405,0.00289,0.00281,0.00278,0.00362,0.00322,0.00271,0.00345,0.00314,0.00277,0.00279,0.00287,0.00316,0.00311,0.00303,0.00344,0.00332,0.00282,0.00353,0.00433,0.00364,0.00628,0.00333,0.00368,0.00489,0.00342,0.00399,0.00450,0.00441,0.00400,0.00326,0.00301,0.00585,0.00417,0.00604,0.00419,0.00492,0.00348,0.00617,0.00396,0.00358,0.00406,0.00361,0.00333,0.00435,0.00748,0.00690,0.00648,0.03342,0.01355,0.01717,0.00290,0.00306,0.00343,0.00282,0.00278,0.00298,0.02064,0.01247,0.00359,0.00335,0.00312,0.00360,0.00292649
13,2014,06,20,16,24,1,0.00339,0.00306,0.00317,0.00341,0.00294,0.00301,0.00298,0.00360,0.00342,0.00386,0.00352,0.00487,0.00336,0.00297,0.00326,0.00314,0.00295,0.00306,0.00338,0.00320,0.00300,0.00402,0.00465,0.00370,0.00303,0.00317,0.00432,0.00364,0.00310,0.00408,0.00342,0.00317,0.00346,0.00312,0.00306,0.00308,0.00400,0.00394,0.00314,0.00311,0.00331,0.00347,0.00347,0.00390,0.00357,0.00696,0.00354,0.00330,0.00480,0.01046,0.00431,0.00593,0.00306,0.00309,0.00306,0.00308,0.00309,0.00311,0.00311,0.00312,0.00312,0.00330,0.00315,0.00319,0.00316,0.00320,0.00318,0.00320,0.00320,0.00319,0.00321,0.00322,0.00326,0.00329,0.00330,0.00366,0.00360,0.00371,0.00330,0.00332,0.00346,0.00332,0.00331,0.00335,0.00343,0.00333,0.00335,0.00347,0.00334,0.00335,0.00335,0.00365,0.00336,0.00352,0.00341,0.00337,0.00347,0.00345,0.00338,0.00338,0.00340,0.00339,0.00340,0.00341,0.00352,0.00342,0.00342,0.00350,0.00343,0.00344,0.00343,0.00343,0.00344,0.00344,0.00346,0.00346,0.00365,0.00349,0.00346,0.00347,0.00347,0.00348,0.00348,0.00350,0.00385,0.00351,0.00354,0.00353,0.00361,0.00355,0.00356,0.00368,0.00367,0.00355,0.00355,0.00354,0.00355,0.00353,0.00354,0.00359,0.00355,0.00355,0.00355,0.00356,0.00356,0.00364,0.00355,0.00355,0.00356,0.00355,0.00355,0.00355,0.00382,0.00373,0.00357,0.00356,0.00356,0.00369,0.00354,0.00354,0.00355,0.00355,0.00354,0.00355,0.00275,0.00292,0.00265,0.00266,0.00271,0.02136,0.00679,0.00276,0.00269,0.00283,0.00310,0.00344,0.00295,0.00298,0.00272,0.00302,0.00953,0.00513,0.00371,0.00396,0.00317,0.00362,0.00283,0.00329,0.00469,0.00331,0.00327,0.00291,0.00308,0.00278,0.00337,0.00292,0.00486,0.00374,0.00323,0.00292,0.00512,0.00345,0.00347,0.00355,0.00372,0.00355,0.00415,0.00344,0.00291,0.00294,0.00284,0.00318,0.00346,0.00369,0.00350,0.00276,0.00347,0.00366,0.00313,0.00820,0.01236,0.01160,0.01036,0.00284,0.00279,0.03060,0.01064,0.01359,0.03489,0.00354,0.00364,0.00308,0.00307,0.00341,0.00330,0.00310,0.00284,0.00285,0.00304,0.00303893
15,2014,06,16,16,14,0,0.00257,0.01313,0.00291,0.00259,0.00309,0.00275,0.00258,0.00342,0.00351,0.00251,0.00293,0.00295,0.00282,0.00343,0.00272,0.00273,0.00266,0.00260,0.00250,0.00245,0.00266,0.00254,0.00264,0.00321,0.01363,0.00404,0.00299,0.00284,0.00304,0.00302,0.00462,0.00290,0.00304,0.00295,0.00298,0.00775,0.00709,0.00348,0.00264,0.00278,0.00610,0.00323,0.00265,0.00244,0.00263,0.00282,0.00262,0.00314,0.00288,0.00246,0.00252,0.00245,0.00343,0.00267,0.00276,0.00294,0.00251,0.00270,0.00259,0.00274,0.00290,0.00271,0.00297,0.00254,0.00270,0.00329,0.00277,0.00299,0.00253,0.00289,0.00265,0.00248,0.00256,0.00265,0.00248,0.00293,0.00271,0.00252,0.00250,0.00395,0.00392,0.00322,0.00300,0.00289,0.00265,0.00271,0.00271,0.00343,0.00260,0.00288,0.00270,0.00312,0.00250,0.00324,0.00262,0.00293,0.00304,0.00318,0.00263,0.00251,0.00251,0.00261,0.00312,0.00255,0.00270,0.00306,0.00279,0.00343,0.00280,0.00319,0.00355,0.00362,0.00338,0.00260,NaN,NaN,NaN,NaN,NaN,NaN,NaN,NaN,NaN,NaN,NaN,NaN,NaN,NaN,NaN,NaN,NaN,NaN,NaN,NaN,NaN,NaN,NaN,NaN,NaN,NaN,NaN,NaN,NaN,NaN,NaN,NaN,NaN,NaN,NaN,NaN,NaN,NaN,NaN,NaN,NaN,NaN,NaN,NaN,NaN,NaN,NaN,NaN,0.00883,0.00362,0.00724,0.00332,0.00274,0.00254,0.00296,0.00248,0.00244,0.00271,0.00284,0.00246,0.00244,0.00246,0.00257,0.00250,0.00330,0.00354,0.00276,0.00264,0.00257,0.00281,0.00261,0.00258,0.00276,0.00337,0.00315,0.00288,0.00274,0.00288,0.00247,0.00288,0.00277,0.00282,0.00262,0.00296,0.00261,0.00307,0.00263,0.00256,0.00265,0.00257,0.00276,0.00278,0.00250,0.00287,0.00284,0.00320,0.00276,0.00248,0.00247,0.00295,0.00265,0.00324,0.00268,0.00288,0.00245,0.00296,0.00280,0.00248,0.00475,0.02106,0.00491,0.00670,0.00764,0.00297,0.00292,0.00263,0.00278,0.00315,0.00289,0.00282,0.00291,0.00256,0.00305,0.01671,0.00281,0.00268522
15,2014,06,17,17,21,0,0.00264,0.00277,0.00315,0.00288,0.00282,0.00291,0.00255,0.00305,0.01671,0.00282,0.00269,0.00257,0.01313,0.00291,0.00259,0.00310,0.00275,0.00258,0.00342,0.00351,0.00251,0.00293,0.00295,0.00282,0.00344,0.00272,0.00273,0.00266,0.00260,0.00250,0.00245,0.00266,0.00254,0.00264,0.00321,0.01362,0.00404,0.00298,0.00284,0.00303,0.00301,0.00462,0.00290,0.00304,0.00295,0.00298,0.00775,0.00709,0.00348,0.00264,0.00278,0.00610,0.00323,0.00264,0.00244,0.00263,0.00282,0.00263,0.00314,0.00288,0.00247,0.00251,0.00245,0.00343,0.00267,0.00276,0.00294,0.00251,0.00270,0.00259,0.00274,0.00290,0.00270,0.00297,0.00254,0.00270,0.00329,0.00277,0.00299,0.00253,0.00290,0.00265,0.00248,0.00256,0.00265,0.00248,0.00293,0.00271,0.00253,0.00250,0.00395,0.00392,0.00322,0.00300,0.00289,0.00264,0.00271,0.00271,0.00342,0.00260,0.00288,0.00270,0.00312,0.00249,0.00325,0.00262,0.00293,0.00305,0.00318,0.00263,0.00251,0.00251,0.00261,0.00312,0.00256,0.00269,0.00307,0.00280,0.00343,0.00280,0.00319,0.00355,0.00362,0.00338,0.00260,NaN,NaN,NaN,NaN,NaN,NaN,NaN,NaN,NaN,NaN,NaN,NaN,NaN,NaN,NaN,NaN,NaN,NaN,NaN,NaN,NaN,NaN,NaN,NaN,NaN,NaN,NaN,NaN,NaN,NaN,NaN,NaN,NaN,NaN,NaN,NaN,NaN,NaN,NaN,NaN,NaN,NaN,NaN,NaN,NaN,NaN,NaN,NaN,0.00883,0.00362,0.00724,0.00332,0.00274,0.00254,0.00296,0.00248,0.00244,0.00271,0.00284,0.00247,0.00244,0.00246,0.00257,0.00250,0.00330,0.00354,0.00276,0.00265,0.00256,0.00280,0.00262,0.00258,0.00275,0.00337,0.00315,0.00288,0.00274,0.00288,0.00247,0.00288,0.00277,0.00282,0.00262,0.00297,0.00261,0.00307,0.00263,0.00256,0.00265,0.00257,0.00276,0.00278,0.00250,0.00288,0.00284,0.00320,0.00275,0.00248,0.00248,0.00295,0.00266,0.00324,0.00268,0.00288,0.00245,0.00296,0.00280,0.00248,0.00475,0.02106,0.00491,0.00670,0.00764,0.00297,0.00292251
15,2014,06,18,16,58,1,0.00871,0.00766,0.00576,0.00235,0.00234,0.00281,0.00230,0.00244,0.00230,0.00229,0.00232,0.00232,0.00236,0.00253,0.00235,0.00233,0.00242,0.00230,0.00234,0.00261,0.00267,0.00301,0.00257,0.00235,0.00290,0.00247,0.00232,0.00276,0.00248,0.00308,0.00968,0.00237,0.00361,0.00254,0.00250,0.00496,0.00633,0.00318,0.00255,0.00340,0.00260,0.00231,0.00251,0.00260,0.00324,0.00288,0.00246,0.00246,0.00253,0.00248,0.00275,0.00260,0.00442,0.00343,0.00271,0.00235,0.00241,0.00248,0.00246,0.00237,0.00251,0.00245,0.00232,0.00233,0.00253,0.00243,0.00248,0.00252,0.00245,0.00237,0.00251,0.00242,0.00245,0.00278,0.00262,0.00301,0.00250,0.00247,0.00233,0.00270,0.00236,0.00240,0.00233,0.00248,0.00266,0.00266,0.00260,0.00234,0.00237,0.00242,0.00260,0.00247,0.00237,0.00242,0.00258,0.00244,0.00269,0.00263,0.00444,0.00634,0.00261,0.00244,0.00244,0.00243,0.00231,0.00237,0.00260,0.00233,0.00247,0.00238,0.00233,0.00238,0.00233,0.00233,0.00252,0.00247,0.00232,0.00249,0.00234,0.00234,0.00236,0.00260,0.00236,0.00233,0.00253,0.00266,0.00264,0.00236,0.00251,0.00244,NaN,NaN,NaN,NaN,NaN,NaN,NaN,NaN,NaN,NaN,NaN,NaN,NaN,NaN,NaN,NaN,NaN,NaN,NaN,NaN,NaN,NaN,NaN,NaN,NaN,NaN,NaN,NaN,NaN,NaN,NaN,NaN,NaN,NaN,NaN,NaN,NaN,NaN,NaN,0.00371,0.00259,0.00294,0.00259,0.00288,0.00255,0.00229,0.00256,0.00239,0.00229,0.00246,0.00229,0.00228,0.00230,0.00231,0.00230,0.00294,0.00229,0.00246,0.00232,0.00246,0.00228,0.00229,0.00261,0.00234,0.00229,0.00235,0.00238,0.00274,0.00257,0.00229,0.00229,0.00229,0.00230,0.00252,0.00247,0.00229,0.00232,0.00230,0.00246,0.00228,0.00229,0.00230,0.00271,0.00249,0.00242,0.00240,0.00242,0.00264,0.00233,0.00237,0.00243,0.00256,0.00277,0.01002,0.00516,0.00267,0.00387,0.00660,0.00263,0.00270,0.00274,0.00259,0.00236,0.00244,0.00231,0.00231,0.01354,0.00262,0.00266,0.00673687
15,2014,06,19,17,00,1,0.00255,0.00261,0.00238,0.00243,0.00262,0.00242,0.00239,0.00236,0.00239,0.00236,0.00239,0.00238,0.00248,0.00248,0.00240,0.00234,0.00236,0.00234,0.00235,0.00233,0.00233,0.00238,0.00236,0.00234,0.00233,0.00235,0.00232,0.00233,0.00233,0.00238,0.00233,0.00237,0.00233,0.00234,0.00235,0.00269,0.00253,0.00234,0.00236,0.00234,0.00233,0.00234,0.00236,0.00234,0.00232,0.00237,0.00244,0.00232,0.00234,0.00233,0.00236,0.00239,0.00232,0.00237,0.00254,0.00269,0.00327,0.00235,0.00234,0.00235,0.00233,0.00234,0.00232,0.00233,0.00232,0.00232,0.00241,0.00235,0.00232,0.00233,0.00232,0.00232,0.00234,0.00234,0.00233,0.00236,0.00245,0.00234,0.00234,0.00233,0.00233,0.00233,0.00232,0.00234,0.00232,0.00233,0.00233,0.00233,0.00235,0.00237,0.00236,0.00238,0.00258,0.00236,0.00253,0.00233,0.00235,0.00259,0.00238,0.00233,0.00234,0.00233,0.00265,0.00275,0.00237,0.00233,0.00238,0.00242,0.00269,0.00234,0.00234,0.00235,0.00235,0.00260,0.00235,0.00234,0.00234,0.00235,0.00239,0.00233,0.00233,0.00235,0.00281,0.00233,0.00236,0.00237,0.00239,0.00233,0.00235,0.00237,0.00234,0.00235,0.00235,0.00233,0.00233,0.00241,0.00235,NaN,NaN,NaN,NaN,NaN,NaN,NaN,NaN,NaN,NaN,NaN,NaN,NaN,NaN,NaN,NaN,NaN,NaN,NaN,NaN,NaN,NaN,NaN,NaN,NaN,NaN,NaN,NaN,NaN,NaN,NaN,NaN,NaN,0.00241,0.00236,0.00234,0.00232,0.00232,0.00232,0.00236,0.00239,0.00237,0.00233,0.00236,0.00234,0.00234,0.00234,0.00238,0.00235,0.00236,0.00235,0.00234,0.00234,0.00237,0.00233,0.00264,0.00285,0.00242,0.00238,0.00289,0.00239,0.00235,0.00239,0.00242,0.00241,0.00235,0.00236,0.00235,0.00233,0.00233,0.00232,0.00234,0.00236,0.00234,0.00233,0.00237,0.00236,0.00236,0.00236,0.00235,0.00237,0.00234,0.00234,0.00240,0.00233,0.00244,0.00496,0.00238,0.00246,0.00237,0.00237,0.00238,0.00233,0.00234,0.00235,0.00240,0.00241,0.00237,0.00881,0.00248,0.01291,0.00246,0.00241465
15,2014,06,20,17,17,1,0.00276,0.00256,0.00290,0.00251,0.00297,0.00246,0.00341,0.00638,0.00672,0.00312,0.00263,0.00253,0.00250,0.00246,0.00244,0.00235,0.00234,0.00249,0.00252,0.00234,0.00231,0.00242,0.00274,0.00232,0.00246,0.00251,0.00263,0.00256,0.00251,0.00252,0.00272,0.00352,0.00433,0.00287,0.00260,0.00239,0.00260,0.00271,0.00276,0.00295,0.00252,0.00269,0.00255,0.00239,0.00267,0.01213,0.00240,0.00232,0.00251,0.00247,0.00263,0.00260,0.00254,0.00236,0.00247,0.00249,0.00244,0.00267,0.00272,0.00291,0.00261,0.00287,0.00271,0.00269,0.00328,0.00646,0.00229,0.00229,0.00228,0.00228,0.00252,0.00233,0.00230,0.00228,0.00231,0.00229,0.00228,0.00228,0.00229,0.00229,0.00229,0.00230,0.00233,0.00234,0.00235,0.00249,0.00231,0.00230,0.00231,0.00234,0.00231,0.00230,0.00234,0.00230,0.00229,0.00231,0.00231,0.00234,0.00230,0.00230,0.00231,0.00232,0.00237,0.00232,0.00231,0.00231,0.00230,0.00231,0.00230,0.00231,0.00231,0.00232,0.00233,0.00237,0.00234,0.00232,0.00231,0.00231,0.00230,0.00231,0.00230,0.00231,0.00231,0.00231,0.00231,0.00231,0.00239,0.00232,0.00232,0.00233,0.00234,0.00232,0.00232,0.00234,0.00235,0.00234,0.00236,0.00235,0.00234,0.00234,0.00234,0.00245,0.00233,0.00233,0.00233,0.00233,0.00232,0.00233,0.00233,0.00233,0.00233,0.00234,0.00234,0.00233,0.00233,0.00233,0.00234,0.00233,0.00233,0.00234,0.00234,0.00244,0.00248,0.00237,0.00233,0.00232,0.00233,0.00232,0.00232,0.00232,0.00232,0.00232,0.00996,0.01318,0.00562,0.01273,0.00345,0.00263,0.00243,0.00249,0.00290,0.00262,0.00235,0.00237,0.00252,0.00226,0.00226,0.00258,0.00283,0.00291,0.00242,0.00258,0.00288,0.00264,0.00279,0.00232,0.00350,0.00255,0.00239,0.00602,0.00715,0.01035,0.00407,0.00303,0.00284,0.00280,0.00314,0.00316,0.00232,0.00233,0.00270,0.00230,0.00229,0.00295,0.00237,0.00230,0.00232,0.00244,0.00233,0.00258,0.00264,0.00274,0.00230,0.00229,0.00258,0.00243,0.00272,0.00275,0.00243,0.00903,0.00515,0.00378,0.00233,0.00458,0.00462,0.01420,0.00492,0.00545,0.00873,0.00439212
18,2014,06,16,16,17,0,0.00246,0.00423,0.00255,0.02035,0.00479,0.00592,0.00249,0.00244,0.00356,0.00238,0.00244,0.00250,0.00244,0.00303,0.00352,0.00283,0.00246,0.00343,0.00405,0.00480,0.01237,0.00537,0.00410,0.00330,0.00248,0.00260,0.00367,0.00379,0.00257,0.00241,0.00255,0.00258,0.01077,0.02004,0.00706,0.00283,0.00261,0.00238,0.00288,0.00233,0.00242,0.00233,0.00268,0.00238,0.00238,0.00234,0.00365,0.00285,0.00323,0.00282,0.00245,0.00276,0.00303,0.00255,0.00263,0.00238,0.00289,0.00365,0.00259,0.00242,0.00239,0.00263,0.00233,0.00236,0.00619,0.01421,0.00518,0.00308,0.00285,0.00248,0.00257,0.00247,0.00278,0.00271,0.00232,0.00246,0.00263,0.00291,0.00235,0.00248,0.00251,0.00300,0.00315,0.00847,0.01086,0.00310,0.00578,0.00322,0.00273,0.00255,0.00349,0.00266,0.00247,0.00275,0.00244,0.00257,0.00331,0.00263,0.00238,0.00240,0.00250,0.00357,0.00258,0.00357,0.00261,0.00305,0.00260,0.00309,0.00247,0.00248,0.00257,0.00355,0.00314,0.00265,NaN,NaN,NaN,NaN,NaN,NaN,NaN,NaN,NaN,NaN,NaN,NaN,NaN,NaN,NaN,NaN,NaN,NaN,NaN,NaN,NaN,NaN,NaN,NaN,NaN,NaN,NaN,NaN,NaN,NaN,NaN,NaN,NaN,NaN,NaN,NaN,NaN,NaN,NaN,NaN,NaN,NaN,NaN,NaN,NaN,NaN,NaN,NaN,0.00263,0.00254,0.00240,0.00264,0.00291,0.00231,0.00286,0.00249,0.00235,0.00295,0.00260,0.00233,0.00273,0.00237,0.00259,0.00236,0.00237,0.00236,0.00234,0.00236,0.00236,0.00241,0.00234,0.00238,0.00261,0.00371,0.00255,0.00255,0.00240,0.00242,0.00239,0.00368,0.00290,0.00404,0.01931,0.00571,0.00328,0.00239,0.00240,0.00302,0.00234,0.00235,0.00236,0.00275,0.00255,0.00249,0.00239,0.00240,0.00233,0.00232,0.00254,0.00237,0.00320,0.01159,0.00910,0.00618,0.00244,0.00260,0.00251,0.00265,0.00243,0.00353,0.00250,0.00246,0.00350,0.00241,0.00238,0.00947,0.00775,0.00820,0.01453,0.00813,0.00313,0.00738,0.00377,0.00935,0.00244,0.00247369
18,2014,06,17,17,26,0,0.01860,0.00736,0.00315,0.00395,0.01194,0.00985,0.00489,0.01475,0.01236,0.00363,0.00592,0.01068,0.00753,0.00275,0.00358,0.00357,0.00229,0.00681,0.01959,0.00450,0.00265,0.00338,0.00231,0.00234,0.00275,0.00281,0.00288,0.00335,0.00577,0.00720,0.00931,0.00483,0.00246,0.00271,0.00226,0.00233,0.00230,0.00230,0.00226,0.00226,0.00227,0.00250,0.00252,0.00237,0.00228,0.00232,0.00250,0.00254,0.00228,0.00241,0.00235,0.00247,0.00462,0.00495,0.00278,0.00254,0.00234,0.00227,0.00255,0.00243,0.00227,0.00235,0.00231,0.00229,0.00253,0.00244,0.00256,0.00232,0.00229,0.00228,0.00237,0.00236,0.00260,0.00231,0.00232,0.00229,0.00244,0.00242,0.00235,0.00243,0.00237,0.00245,0.00232,0.00232,0.00234,0.00232,0.00234,0.00230,0.00230,0.00285,0.00232,0.00243,0.00305,0.00268,0.00231,0.00249,0.00244,0.00262,0.00304,0.00248,0.00237,0.00252,0.00240,0.00331,0.00250,0.00240,0.00233,0.00242,0.00314,0.00234,0.00235,0.00239,0.00237,0.00315,0.00323,0.00367,0.00283,0.00245,0.00249,0.00266,0.00241,0.00237,0.00236,0.00273,0.00238,0.00248,0.00286,0.00241,0.00239,0.00233,0.00238,0.00242,0.00234,0.00236,0.00233,0.00232,0.00244,NaN,NaN,NaN,NaN,NaN,NaN,NaN,NaN,NaN,NaN,NaN,NaN,NaN,NaN,NaN,NaN,NaN,NaN,NaN,NaN,NaN,NaN,NaN,NaN,NaN,NaN,NaN,NaN,NaN,NaN,NaN,NaN,NaN,NaN,NaN,NaN,NaN,0.00452,0.00283,0.00279,0.00244,0.00242,0.00242,0.00254,0.00236,0.00239,0.00237,0.00244,0.00251,0.00381,0.00337,0.00244,0.00242,0.00237,0.00249,0.00245,0.00236,0.00234,0.00252,0.00236,0.00238,0.00246,0.00301,0.00340,0.00263,0.00243,0.00352,0.00303,0.00310,0.00256,0.00234,0.00643,0.00590,0.00348,0.00265,0.00247,0.00239,0.00230,0.00239,0.00249,0.00231,0.00277,0.00271,0.00238,0.00272,0.00370,0.00496,0.00628,0.01003,0.00406,0.00719,0.01053,0.00555,0.00456,0.01160,0.01371,0.01107,0.02083,0.00900,0.00718,0.00830,0.00658,0.02119180
21,2014,06,18,17,16,1,0.00317,0.00305,0.00244,0.00237,0.00251,0.00243,0.00241,0.00249,0.00234,0.00246,0.00235,0.00230,0.00238,0.00231,0.00230,0.00230,0.00239,0.00235,0.00233,0.00229,0.00240,0.00250,0.00235,0.00233,0.00246,0.00241,0.00234,0.00234,0.00258,0.00234,0.00243,0.00263,0.00280,0.00247,0.00250,0.00290,0.00253,0.00237,0.00313,0.00252,0.00236,0.00235,0.00247,0.00234,0.00263,0.00257,0.00241,0.00244,0.00238,0.00241,0.00239,0.00251,0.00240,0.00236,0.00260,0.00245,0.00235,0.00237,0.00246,0.00250,0.00247,0.00235,0.00235,0.00246,0.00232,0.00237,0.00233,0.00236,0.00236,0.00260,0.00247,0.00263,0.00234,0.00231,0.00239,0.00273,0.00363,0.00250,0.00245,0.00245,0.00248,0.00243,0.00246,0.00253,0.00237,0.00338,0.00243,0.00234,0.00243,0.00256,0.00242,0.00241,0.00239,0.00244,0.00250,0.00247,0.00244,0.00241,0.00245,0.00288,0.00243,0.00240,0.00241,0.00238,0.00235,0.00242,0.00247,0.00245,0.00259,0.00239,0.00253,0.00247,0.00276,0.00319,0.00657,0.00310,0.00247,0.00241,0.00241,0.00245,0.00240,0.00240,0.00241,0.00238,0.00241,0.00243,0.00236,0.00241,0.00240,0.00240,0.00251,NaN,NaN,NaN,NaN,NaN,NaN,NaN,NaN,NaN,NaN,NaN,NaN,NaN,NaN,NaN,NaN,NaN,NaN,NaN,NaN,NaN,NaN,NaN,NaN,NaN,NaN,NaN,NaN,NaN,NaN,NaN,NaN,NaN,NaN,NaN,NaN,NaN,NaN,NaN,NaN,NaN,0.00245,0.00249,0.00235,0.00245,0.00252,0.00274,0.00544,0.00627,0.00236,0.00230,0.00227,0.00229,0.00230,0.00230,0.00234,0.00233,0.00230,0.00244,0.00234,0.00229,0.00228,0.00228,0.00231,0.00240,0.00303,0.00254,0.00251,0.00249,0.00263,0.00272,0.00234,0.00279,0.00231,0.00238,0.00234,0.00234,0.00254,0.00603,0.00767,0.00290,0.00244,0.00282,0.00293,0.00246,0.00235,0.00234,0.00233,0.00231,0.00231,0.00231,0.00233,0.00237,0.00240,0.00259,0.00233,0.00241,0.00342,0.00265,0.00230,0.00229,0.01543,0.00637,0.00318,0.01502,0.02793,0.00272,0.01640,0.00321379
53,2014,06,19,16,54,1,0.00928,0.00835,0.00923,0.00963,0.00952,0.00904,0.00800,0.01075,0.01393,0.00828,0.00966,0.01431,0.00835,0.00943,0.00967,0.00868,0.00839,0.00966,0.00919,0.00899,0.00973,0.00835,0.00931,0.00980,0.00988,0.01026,0.01018,0.00860,0.00891,0.00986,0.00854,0.00875,0.00873,0.00911,0.01302,0.01680,0.01073,0.01145,0.01510,0.01173,0.01362,0.01242,0.01078,0.01115,0.01139,0.00777,0.00882,0.00885,0.00868,0.01126,0.00799,0.00829,0.00829,0.00943,0.01069,0.01058,0.00716,0.01145,0.00837,0.00817,0.00849,0.00896,0.00781,0.00922,0.01031,0.01503,0.01034,0.01071,0.00853,0.01254,0.01213,0.01724,0.00730,0.00807,0.00747,0.00690,0.01827,0.00699,0.01354,0.00859,0.00669,0.00918,0.00708,0.00591,0.00608,0.00660,0.00668,0.00809,0.00583,0.00730,0.00603,0.00823,0.00649,0.00524,0.00647,0.00686,0.00628,0.00694,0.00675,0.00722,0.00758,0.00793,0.00650,0.00651,0.00719,0.00685,0.00751,0.00593,0.00670,0.01864,0.01124,0.00717,0.00857,0.00676,0.00660,0.00543,0.00670,0.00604,0.00694,0.00573,0.00603,0.00707,0.00617,0.00603,0.00607,0.00600,0.00745,0.00622,0.00622,0.00610,0.00789,0.00627,0.00695,0.00631,0.00671,0.00679,0.00539,0.00572,0.00838,0.00670,0.01574,0.01047,0.00856,0.00537,0.00927,0.00675,0.00688,0.00664,0.00628,0.00609,0.00747,0.00548,0.00645,0.00622,0.00686,0.00715,0.00606,0.00553,0.00629,0.00620,0.00696,0.00554,0.00581,0.00712,0.01038,0.00620,0.00656,0.00693,0.00540,0.05000,0.09696,0.09325,0.02172,0.01371,0.01286,0.01206,0.01347,0.01077,0.01240,0.01314,0.01409,0.01363,0.01249,0.01195,0.01291,0.01303,0.01447,0.01343,0.01158,0.01280,0.00939,0.01112,0.01098,0.00971,0.01280,0.01379,0.01050,0.01504,0.01401,0.01401,0.01363,0.01987,0.02468,0.01430,0.01389,0.01497,0.01336,0.01245,0.01553,0.01771,0.01251,0.01369,0.02171,0.01255,0.01489,0.01585,0.01321,0.01767,0.01836,0.01911,0.01970,0.01767,0.01645,0.01452,0.01613,0.01591,0.01513,0.01659,0.01657,0.01705,0.01574,0.01495,0.01278,0.01305,0.01227,0.01209,0.01049,0.00990,0.01086,0.00870734
53,2014,06,20,17,21,1,0.00488,0.00465,0.00489,0.00491,0.00475,0.00467,0.00483,0.00574,0.00407,0.00428,0.00503,0.00425,0.00461,0.00433,0.00572,0.01006,0.01402,0.02592,0.00671,0.00412,0.00422,0.00393,0.00411,0.00492,0.00451,0.00582,0.00473,0.00458,0.00459,0.00476,0.00742,0.01624,0.00504,0.00506,0.00623,0.00765,0.00520,0.00450,0.00533,0.00487,0.00464,0.00393,0.00403,0.00432,0.00404,0.00593,0.00498,0.00476,0.00427,0.00509,0.00408,0.00472,0.00616,0.00941,0.00900,0.00405,0.00456,0.00420,0.00418,0.00564,0.00610,0.00422,0.00512,0.00738,0.01236,0.00440,0.00415,0.00420,0.00428,0.00458,0.00427,0.00412,0.00384,0.00423,0.00393,0.00420,0.00388,0.00427,0.00437,0.00424,0.00421,0.00567,0.00427,0.00466,0.00407,0.00401,0.00402,0.00389,0.00399,0.00385,0.00461,0.00547,0.00389,0.00415,0.00397,0.00407,0.00429,0.00378,0.00404,0.00415,0.00417,0.00793,0.00698,0.00383,0.00380,0.00393,0.00443,0.00442,0.00471,0.00392,0.00393,0.00384,0.00479,0.00556,0.00388,0.00382,0.00382,0.00382,0.00384,0.00524,0.00378,0.00465,0.00381,0.00377,0.00387,0.00381,0.00486,0.00386,0.00384,0.00399,0.00396,0.00391,0.00373,0.00383,0.00379,0.00454,0.00389,0.00400,0.00465,0.00396,0.00385,0.00411,0.00393,0.00422,0.00439,0.00437,0.00704,0.00457,0.00662,0.00454,0.00431,0.00442,0.00451,0.00517,0.00603,0.00446,0.00795,0.00423,0.00496,0.00417,0.00469,0.00415,0.00413,0.00422,0.00455,0.00515,0.00423,0.00450,0.00473,0.00581,0.00722,0.00915,0.01022,0.00623,0.00802,0.00556,0.00572,0.00913,0.00580,0.01016,0.00973,0.00471,0.00458,0.00440,0.00511,0.00489,0.00429,0.00455,0.00478,0.00458,0.00486,0.00498,0.00480,0.00447,0.00429,0.00432,0.00554,0.00487,0.00676,0.00691,0.00820,0.01065,0.02580,0.00896,0.01419,0.04969,0.01869,0.00596,0.00534,0.00473,0.00410,0.00449,0.00412,0.00481,0.00463,0.00395,0.00423,0.00452,0.00431,0.00498,0.00432,0.00652,0.00498,0.00409,0.00434,0.00413,0.00459,0.00431,0.00460,0.00443,0.00453,0.00543,0.00508,0.00458,0.00473,0.00488,0.00491,0.00446,0.00671,0.00522783
