0.00032,0.00061,0.00174,0.02968,-0.01725,-0.01414,0.0015,-0.00107,0.00082,0.00184,-0.00216,-0.001,-0.00095,2e-05,0.00031,-0.00015,-0.00026,0.00163,-0.00081,-0.00056,-0.00013,-7e-05,-1e-05,0.00017,9e-05,0.00083,0.00099,-0.00189,0.0003,-0.00032,0.00015,0.00047,-0.0006,-7e-05,2e-05,8e-05,-0.00014,-1e-05,0.00025,-0.00022,-2e-05,0.00012,0.00037,-0.00025,0.00064,-0.00085,-6e-05,3e-05,0.0002,-0.00018,-5e-05,0.0001,0.00077,-0.0002,0.00011,-0.00063,-0.00012,3e-05,-1e-05,0.00013,0.00027,-0.0002,-0.00015,7e-05,0.00021,-0.00038,0.00149,-0.00049,-0.00105,0.00017,0.00027,-0.00031,-6e-05,0,-3e-05,9e-05,-8e-05,-1e-05,5e-05,0.00012,-0.00022,0.00014,0,-1e-05,-0.00012,5e-05,0.00022,0.0004,-9e-05,-0.00046,-0.00011,4e-05,1e-05,0.00061,-0.0001,0.00033,-0.00087,-0.00039,-0.0001,0.00014,-3e-05,0,-0.00022,0.00012,0.00031,-0.00031,-4e-05,0.00053,-0.00035,0,-0.00012,0.00074,-0.00055,0.00024,5e-05,-0.0003,1e-05,0.00058,0.0006,-0.00112,-8e-05,0.00012,0.00045,0.0021,-0.00236,3e-05,-5e-05,0.00045,-0.00056,0.00073,0.00011,0.00123,-0.00163,-0.00045,-0.00011,0.00022,-0.00018,0.00033,-8e-05,0.00019,0.00026,-0.00024,0.00019468,0
-0.00059,0.0003,0.01973,-0.00653,-0.01192,-0.00125,0.00063,0.00044,0.02005,0.01185,-0.02746,0.0021,-0.00709,0.0026,0.0038,-0.00612,0.00015,0.00234,-0.00332,-0.00046,0.00023,0.00598,0.00064,-0.00271,-0.00243,-0.0005,0.00071,-0.00145,0.0012,-0.00104,-0.00066,5e-05,8e-05,-4e-05,1e-05,-5e-05,0.00265,-0.00042,-0.00059,0.00347,-0.00411,-7e-05,-0.00024,0.00052,-0.00082,0.00032,-3e-05,0.00086,0.00728,-0.00751,-0.00122,3e-05,0.00576,-0.00294,-0.00113,-0.0002,0.0048,-0.00261,-0.00221,0.00051,-0.00027,-0.00156,0.00247,-0.00038,-0.00154,-0.00031,0.00065,-0.00118,0.0001,0.00046,0.00256,-0.0017,-0.00104,0.00456,0.00028,-0.00424,0.00168,-0.00056,-0.00169,0.00194,0.00502,-0.00625,-0.00029,-0.00055,-0.00016,0.02893,0.01251,NaN,NaN,NaN,NaN,NaN,NaN,NaN,NaN,NaN,NaN,NaN,NaN,NaN,NaN,NaN,NaN,NaN,NaN,NaN,NaN,NaN,NaN,NaN,NaN,NaN,NaN,NaN,NaN,NaN,NaN,-0.00881,-0.00452,-8e-05,-0.00088,0.00019,-0.00033,0,0.00399,-0.00372,0.00083,0.00254,-0.00277,0.00704,-0.00672,-0.00062,0.00053,-6e-05,0.00019,-0.00049,-6e-05,0.00718,-0.00057,-0.00343,0.00853,0.01049,-0.0086966,0
-0.00039,-0.00031,0.00079,-0.00067,-8e-05,0.00038,-0.0002,-1e-05,0.00189,-0.00082,-0.00049,-0.00072,-0.00017,-8e-05,0,0,0.00048,0.00017,-6e-05,0.0006,-0.00021,-0.00099,-2e-05,0.00022,-0.0002,-5e-05,3e-05,2e-05,7e-05,-5e-05,-9e-05,0.00017,-0.00016,9e-05,0.00218,-0.00054,0.00016,-0.00104,0.00045,0.00285,-0.0038,-0.0003,0.00034,-0.00034,0.00035,-0.00033,2e-05,0.00011,-0.00012,0.00013,-0.0001,-8e-05,9e-05,0.00124,-0.00065,-0.00023,-2e-05,-0.00022,0.00021,-0.00037,0.00094,0.00042,-0.00085,-3e-05,-0.00034,-2e-05,0.00028,-0.00032,0.00019,0.00014,0.00026,-0.00041,-0.00021,0.00039,-0.00038,0.00012,2e-05,2e-05,0.00245,-0.00068,-0.00059,-0.00072,2e-05,-0.0002,0.00015,0.00044,-0.00042,-0.00036,0.00102,-0.00086,0.00171,-0.00089,-0.00045,-0.00077,5e-05,0.00047,-0.00033,-0.00028,0.00016,0.00045,0.00136,0.00945,-0.00211,-0.00926,0.00184,-0.00032,0.01443,-0.01205,-0.0027,-0.00065,-0.00052,0.0063,0.0108,-0.01712,-0.00013,0.00012,-0.00013,0.00019,-0.00018,0.00026,-0.00024,6e-05,-4e-05,0.00028,-0.00013,-7e-05,0.00068,0.00193,-0.00268,4e-05,0.014,-0.01411,0.0002,-0.00019,2e-05,0,7e-05,0.00175,-0.00156,5e-05,0.00148,-0.00071,-0.00094201,0
-0.00248,-0.00682,-0.00038,0.00012,0.00298,-0.00264,-4e-05,-0.00041,0,-0.00018,0.00037,-0.00018,-0.00011,0.01251,-0.01263,-0.0001,1e-05,0.00019,-0.00021,0,0.00052,-0.00045,-2e-05,0.00022,-4e-05,0.00032,-0.00038,-6e-05,0.00024,2e-05,-0.00032,2e-05,-1e-05,-4e-05,-1e-05,0.00027,-0.00029,2e-05,0.00074,-0.00053,0.00013,-8e-05,-0.00025,0.00012,7e-05,7e-05,0.00171,-0.00167,-5e-05,0.00017,-0.00042,0.00014,0.0004,0.00035,-0.00054,-0.00015,0.00075,-0.00071,-3e-05,0.00045,-0.00051,6e-05,0.00034,-0.00019,-0.00037,0.00016,0.00014,0.01278,-0.00741,-0.00394,-0.00082,-0.00047,0.00019,-0.00011,8e-05,0.0004,0.00964,-0.00999,-0.00031,0.00045,-0.00054,0.00013,-0.00016,0.00092,-0.0004,-0.00026,-0.00017,0.00072,1e-05,-0.0006,0.00067,-0.00035,-0.00026,0.00044,-0.0005,0.00056,0.00402,-0.00469,-7e-05,0.00016,5e-05,-3e-05,-0.00022,0.00034,0.00027,-0.00031,-0.00024,-0.0001,0.00072,-0.00051,0.00054,0.00024,-0.00097,-0.0001,0.00036,-0.00017,-0.00018,0.00014,6e-05,0.00081,-0.00077,-5e-05,-0.00025,0.00021,-4e-05,-0.00013,-6e-05,0.00037,-0.00027,-7e-05,2e-05,6e-05,-0.0001,0.02871,-0.02826,-0.00033,3e-05,0.00024,0.01894,0.02725,-0.01963,-0.02303,-0.00071639,0
-0.00183,0.00734,-0.00767,-0.00065,0.0003,0.00343,-0.00311,-0.00045,-0.00063,0.00016,0.00027,0.00067,0.00789,-0.00918,0.00011,-0.00033,0.00262,-0.0025,3e-05,0.00252,0.00299,-0.00333,-0.00147,0.00037,0.00181,-0.00248,0.00092,0.00117,-0.00066,-0.00154,0.0007,-0.00057,-0.00075,0.00017,0.00143,0.00147,0.00051,-0.00288,-0.00051,-5e-05,0.00063,-0.00028,0.00092,0.00285,-0.00387,0.0023,-0.00157,-0.0001,0.00316,-0.00123,0.0012,-0.00376,9e-05,0.00075,-0.00097,0.00186,0.00174,-0.00363,NaN,NaN,NaN,NaN,NaN,NaN,NaN,NaN,NaN,NaN,NaN,NaN,NaN,NaN,NaN,NaN,NaN,NaN,NaN,NaN,NaN,NaN,NaN,NaN,NaN,NaN,NaN,NaN,NaN,NaN,NaN,NaN,NaN,0.00334,-0.00273,0.00026,-0.00068,-8e-05,2e-05,-2e-05,-5e-05,0.00012,8e-05,-0.00014,6e-05,0.00133,-0.00121,0.00012,-0.00011,-0.0001,-0.00011,1e-05,0.00032,0.00018,0.00039,-0.00045,-0.00026,-3e-05,8e-05,5e-05,0.00013,-0.00029,0.00048,0.00021,0.00126,-0.00173,0.0033,-8e-05,-0.00327,0.00015,-0.00032,-7e-05,-0.00014,0.00014,-0.00011,-5e-05,0.00136,0.00924,0.04091,0.00859,-0.02133,-0.00932,-0.02662,-0.00148,0.016959,0
0.01256,-0.0059,0.02813,0.00048,-0.03331,-0.00514,-0.00274,-0.00248,0.00694,-0.00762,0.00059,0.00079,-0.00443,-0.00065,-0.00022,-0.00018,-5e-05,-4e-05,0.00596,-0.00476,-0.00159,-8e-05,6e-05,0.00019,-0.00017,-6e-05,1e-05,0.00012,-8e-05,0.0001,-5e-05,2e-05,0.00013,-0.00017,0.00039,1e-05,0.00038,-0.00064,8e-05,0.00055,-0.0006,0.00012,-0.00022,6e-05,-7e-05,3e-05,4e-05,0.00224,-0.00236,-6e-05,-4e-05,6e-05,4e-05,6e-05,4e-05,-0.0001,0.00037,0.00292,-0.00305,-0.00033,4e-05,0.00019,-0.00012,7e-05,-0.00012,0.00011,-0.00013,-3e-05,-1e-05,0.00896,-0.00719,0.00603,NaN,NaN,NaN,NaN,NaN,NaN,NaN,NaN,NaN,NaN,NaN,NaN,NaN,NaN,NaN,NaN,NaN,NaN,NaN,NaN,NaN,NaN,NaN,NaN,NaN,NaN,NaN,NaN,NaN,NaN,NaN,NaN,NaN,NaN,NaN,NaN,NaN,NaN,NaN,NaN,NaN,NaN,NaN,NaN,-0.00391,-5e-05,-1e-05,-4e-05,0.0004,0.00119,-0.00121,-0.00045,8e-05,0.00023,0.00017,-0.00046,0.00017,0.00646,-0.00199,-0.00407,-6e-05,0.00093,0.00632,-0.0071,0.00195,0.00772,-0.00624,-0.00133,-0.00207,0.0224,-0.0011164,0
0.02968,-0.05066,0.0097,-0.00941,0.007,0.00517,-0.01348,0.00933,0.00012,-0.00853,-0.00024,-0.00129,0.00192,-0.00204,7e-05,0.00028,0.00025,-0.00044,-0.00016,-3e-05,0.0003,0.00117,-0.00116,0.00148,-0.00102,-0.00072,0.00019,3e-05,-6e-05,0.00027,-0.00025,-8e-05,4e-05,-9e-05,-0.0001,6e-05,-6e-05,0,0.00012,0.00062,-0.00047,-0.00021,0.00063,-0.00045,0.0013,-0.00141,9e-05,0.00047,1e-05,-0.00053,-6e-05,-1e-05,-4e-05,0.00137,-0.00116,-0.0001,0.00111,-0.00111,0.00019,0.00079,-0.00027,-0.00073,0.0005,4e-05,-0.00064,NaN,NaN,NaN,NaN,NaN,NaN,-0.00242,9e-05,0.00012,-0.00023,0.00122,-0.00117,1e-05,-0.0001,0.00011,0.00018,-5e-05,-0.00027,1e-05,8e-05,-0.0001,0.00014,2e-05,0.00011,4e-05,-0.00025,2e-05,-4e-05,4e-05,2e-05,7e-05,-0.00017,0.0001,-5e-05,-5e-05,0.00014,-6e-05,4e-05,6e-05,-9e-05,0.00016,-0.00017,3e-05,0.00012,-7e-05,-6e-05,4e-05,2e-05,0.00014,-0.00021,7e-05,0.00015,-0.00019,0.00014,0.00317,-0.00291,-0.0004,2e-05,-7e-05,2e-05,2e-05,0.00066,7e-05,0.00695,-0.00709,0.02354,-0.02057,-0.00301,-0.00061,0.00059,-0.00066,0.01927,-0.00813,0.00562,-0.01286,0.00554,0.00623,-0.0028402,0
0.00356,-0.00185,-0.00586,0.0067,-0.00677,-0.00038,-0.0002,0.00013,-0.00014,0.00106,0.0033,-0.0039,-0.00052,0.00015,0.0056,-0.00511,-0.00049,0.00014,-0.00018,1e-05,1e-05,0.00121,-0.00134,0,-1e-05,-2e-05,4e-05,-1e-05,7e-05,-5e-05,0.0001,-2e-05,-6e-05,8e-05,-2e-05,-1e-05,-2e-05,8e-05,4e-05,-8e-05,4e-05,-7e-05,-4e-05,1e-05,7e-05,-3e-05,6e-05,1e-05,0.00074,-0.00072,-5e-05,5e-05,-2e-05,0.0005,-0.00034,-0.00016,0.00042,0.00011,-0.0006,0.00033,0.00056,-0.00076,1e-05,0.0008,-0.00075,0.00016,0.01165,0.04272,NaN,NaN,NaN,NaN,NaN,NaN,NaN,NaN,NaN,NaN,NaN,NaN,NaN,NaN,NaN,NaN,NaN,NaN,NaN,NaN,NaN,NaN,NaN,NaN,NaN,NaN,NaN,NaN,NaN,NaN,-0.00043,-0.00017,-1e-05,-6e-05,8e-05,-4e-05,3e-05,-4e-05,-1e-05,0.00015,0.0046,-0.00388,-0.0004,0.00031,-0.00047,1e-05,0.00032,-0.00041,0.0001,-0.00013,0.00044,0.00016,-0.00041,-7e-05,0.00023,0.00311,-0.00203,-0.001,-0.00046,0.00055,0.00011,-0.00034,0.00019,0.00488,-0.00492,-0.00052,-1e-05,5e-05,0.00012,0.0192,-0.00642,0.06571,-0.04858,-0.02338,-0.0008661,0
-0.00019,-0.00022,-2e-05,-5e-05,0.00017,0.0002,-0.00026,-5e-05,2e-05,0.00015,0.0032,-0.00168,0.00133,-0.00247,-0.00059,-3e-05,5e-05,0,0.00019,-0.00023,1e-05,-3e-05,0.00011,4e-05,-4e-05,-3e-05,-5e-05,9e-05,-6e-05,-6e-05,2e-05,6e-05,-4e-05,3e-05,1e-05,-3e-05,0,0,1e-05,3e-05,-2e-05,4e-05,-2e-05,-6e-05,1e-05,4e-05,9e-05,6e-05,0.0001,-0.0002,-2e-05,1e-05,0.00017,7e-05,0.00078,-0.00085,-2e-05,0.00081,-0.00084,0,0.00077,-0.00059,-0.00029,0.00085,-0.00077,-3e-05,0.0005,-0.00031,-0.00016,-6e-05,0.00035,4e-05,-0.00027,6e-05,0.00034,-0.0003,-0.00014,0.0001,-9e-05,-1e-05,0.00739,NaN,NaN,NaN,NaN,NaN,NaN,NaN,NaN,NaN,NaN,NaN,NaN,NaN,NaN,NaN,NaN,NaN,NaN,NaN,NaN,NaN,NaN,NaN,1e-05,2e-05,0.00023,-3e-05,0.00019,-0.00022,0.00015,0.00015,-0.00023,-0.00019,5e-05,-6e-05,0.00012,0.00026,-0.00029,7e-05,-8e-05,0.00011,0.00073,-0.00054,0.00375,-0.00413,-7e-05,0.0002,-0.00014,0.00059,-0.00067,-4e-05,0.00266,-0.00267,0.00012,-0.0001,2e-05,0.00014,9e-05,0.00018,-6e-05,0.00042,-0.00044331,0
-0.0061,7e-05,-0.00019,0.00084,-0.00081,0.00027,9e-05,-0.00026,-8e-05,-0.00019,-4e-05,0.00011,0.00029,0.00709,-0.00698,2e-05,-9e-05,0.00094,-0.00079,-0.00019,0.0054,-0.00515,-3e-05,0.00156,-0.00211,0.00015,-0.00011,0.00045,-0.00052,-7e-05,0.00068,-0.00027,-0.00032,0.0001,0,0.0002,-5e-05,0.00012,-0.00011,-3e-05,-4e-05,-0.00016,0,0.00013,-3e-05,-0.00018,0.00112,-0.0001,-0.00053,-0.00027,-9e-05,0.00049,-0.00034,0.00014,-0.00023,0.00016,0.00018,-6e-05,-0.00047,6e-05,0.00034,-0.00029,0.00038,0.0002,-0.00024,0.00084,0.00954,0.02425,NaN,NaN,NaN,NaN,NaN,NaN,NaN,NaN,NaN,NaN,NaN,NaN,NaN,NaN,NaN,NaN,NaN,NaN,NaN,NaN,NaN,NaN,NaN,NaN,NaN,NaN,NaN,NaN,NaN,-0.00119,-0.003,6e-05,-0.00035,0.00014,9e-05,-0.00024,7e-05,0.00028,0.00049,-0.00054,-0.00011,1e-05,6e-05,0.00037,3e-05,-0.00028,-0.00013,0.00013,-0.00023,0.00018,0.00018,-0.0004,5e-05,0.00017,-0.00022,0.00036,0.00014,-0.00056,0.00023,-5e-05,0.00031,-0.00028,0.00024,-0.00047,0.01188,-0.0095,0.00295,-0.00485,-0.00013,6e-05,1e-05,-0.00014,0.00012,0.00834,-0.0085967,0
-0.00562,0.00049,0.00047,-0.0012,5e-05,-9e-05,0.0003,0.00089,0.0002,-0.00019,-0.00108,0.00041,-0.00044,0.00045,-0.00039,0.0049,-0.00217,-0.00209,-0.00016,0.00049,-0.00112,0.00337,-0.00197,-0.00108,-0.00017,0.00085,-0.00076,-0.00014,0,0.00023,0.00025,-0.0003,0.00043,0.00038,-0.00111,0.00078,-0.00029,-0.00037,0.00079,-0.00047,0.00063,-9e-05,-0.00044,6e-05,-0.00029,0.00027,0.00034,0.00041,-0.00107,0,0.0005,-0.00061,0.00027,0.00022,0.00033,-0.0002,-0.00019,0.00046,0.00013,0.00243,-0.00179,-0.00158,-0.00014,0.00017,0.00027,-0.00045,0.00024,0,-0.00032,0.00111,-0.00026,-0.00051,-0.00019,0.00015,0.00087,-0.00054,-6e-05,0.00083,-0.00046,-0.00064,-0.00017,0.03167,NaN,NaN,NaN,NaN,NaN,NaN,NaN,NaN,NaN,NaN,NaN,NaN,NaN,NaN,NaN,NaN,NaN,NaN,NaN,NaN,NaN,NaN,4e-05,-2e-05,-5e-05,0.00091,-0.00089,-5e-05,1e-05,0,1e-05,-1e-05,1e-05,2e-05,-2e-05,2e-05,-2e-05,1e-05,0.01271,-0.01207,-0.00061,-1e-05,0.00028,0.0015,-0.00137,-0.00038,-2e-05,0.0004,0.00029,-0.00046,-2e-05,0.00021,-0.00026,0.00076,0.00273,-0.00201,0.00389,-0.00479,0.01099,-0.01092,0.0011946,0
0.0089,-0.00772,-0.00013,-0.00175,-0.0001,-0.00023,-2e-05,0.00116,-0.00114,0.00074,0.00216,0.00404,-0.00551,-0.00128,0.00052,0.00019,-0.00094,0.0002,0.01205,-0.00597,-0.00603,-0.00028,0.00033,-0.00037,0.00023,-0.00019,0.00076,6e-05,-0.00051,-7e-05,0.00016,-0.00015,8e-05,0.00058,-0.0009,0.00016,-0.0002,0.00381,0.00352,-0.00661,-0.00051,-9e-05,0.00018,-9e-05,0,0.00013,-0.00023,0.00036,0.00056,0.00724,-0.00577,-0.00177,-0.0004,0.00037,-0.00042,-5e-05,0.00036,-0.00041,-0.00012,0.00078,4e-05,-0.00071,0.00042,-7e-05,-0.00038,0.00068,0.01991,NaN,NaN,NaN,NaN,NaN,NaN,NaN,NaN,NaN,NaN,NaN,NaN,NaN,NaN,NaN,NaN,NaN,NaN,NaN,NaN,NaN,NaN,NaN,NaN,NaN,NaN,NaN,NaN,NaN,NaN,-0.00021,0.00043,-0.0002,-0.00022,0.00029,-0.00021,7e-05,-7e-05,-0.00014,0,-1e-05,5e-05,-6e-05,0.00018,0.00071,-0.00068,-0.00015,-4e-05,0.00165,0.00901,-0.00851,-0.00171,-3e-05,-0.00043,2e-05,0.00035,-0.00027,-4e-05,-7e-05,0.00014,0.00136,0.00716,-0.00632,-0.00211,4e-05,0.00049,-0.00061,0.00061,-0.0007,0.00456,0.00184,0.00398,-0.00924,0.00233,0.00073,-0.0041164,0
-0.00535,0.0091,-0.00454,0.00416,-0.00676,0.00208,-0.00164,-0.00187,-0.00155,0.01311,-0.01172,-0.00056,-0.00078,0.00055,-0.00021,0.00232,0.00418,-0.00503,-0.00155,-0.00029,-2e-05,1e-05,-3e-05,0.00015,6e-05,-0.00017,0.00017,-9e-05,-2e-05,0.00014,0.00273,-0.0025,-0.00041,0.00012,-7e-05,-4e-05,-4e-05,0.00014,0.00013,-0.00026,0,0.00021,-0.00016,-4e-05,6e-05,4e-05,1e-05,-3e-05,-7e-05,2e-05,-2e-05,-3e-05,0.00036,-0.00024,0.00054,-0.00058,8e-05,0.00048,-0.0005,3e-05,0.00049,-0.00047,-0.00014,0.00052,-0.00053,5e-05,0.00047,0.00077,-0.00093,-0.0002,8e-05,-0.00022,0.00024,-0.00016,0.00028,-0.00033,-5e-05,8e-05,-5e-05,-3e-05,0.02414,0.02294,NaN,NaN,NaN,NaN,NaN,NaN,NaN,NaN,NaN,NaN,NaN,NaN,NaN,NaN,NaN,NaN,NaN,NaN,NaN,NaN,NaN,NaN,-0.00116,-0.0003,2e-05,1e-05,-7e-05,7e-05,0.00113,-0.00085,-0.00032,3e-05,-1e-05,2e-05,-7e-05,5e-05,0.00095,-0.00083,0.00055,3e-05,-0.00055,0.00221,0.00038,-0.00263,-9e-05,-9e-05,7e-05,0.00016,1e-05,2e-05,0.00207,0.0042,-0.00453,0.00527,-0.00461,0.00347,0.00592,0.00042,-0.00694,0.00055,0.012173,0
0.00017,-6e-05,0.00081,0.00166,-0.0001,0.00204,0.0028,-0.00596,0.01213,-0.01012,0.00023,-0.00214,-0.00116,-0.00019,4e-05,-0.0001,0,0.00064,0.00105,-0.00045,-0.00073,-0.00046,0.00047,-0.00027,0.00059,0.00444,-0.00182,0.00017,-0.0019,0.00046,0.00043,0.00048,-0.00131,-0.00166,-9e-05,0.00135,0.00075,0.00139,-0.00216,0.00118,-0.00074,-0.00082,-0.00012,0.0009,-0.00059,-0.00129,0.00031,0.0005,-0.00029,0.00225,-0.00137,0.01761,-0.01691,-0.00049,0.0023,-0.00138,0.00051,-0.0007,-0.0005,0.00573,-0.00196,-0.00329,0.00029,-0.00021,0.00075,-0.00082,-0.00053,0.00101,0.0009,-9e-05,-0.00131,-0.00096,0.00218,-0.00175,0.00157,0.00239,0.00067,-0.00209,-0.00387,0.00121,-0.00085,-0.00061,0.00073,5e-05,4e-05,-0.00033,-0.00022,-8e-05,0.00027,0.00052,-0.00094,0.00065,0.00075,-0.00061,-0.00013,0.0001,9e-05,0.00043,0.00029,-0.00045,-0.00066,0.00841,-0.00678,-0.00125,-0.00038,2e-05,3e-05,0.00044,3e-05,-0.00022,-2e-05,0.00036,-0.00069,0.00022,-0.00022,-0.00043,0.00014,3e-05,0,2e-05,0.00043,-1e-05,0.00144,-0.00144,0.00086,0.00281,0.00136,-0.00097,-0.0027,-0.00068,-0.00095,0.00072,-0.00117,0.00058,5e-05,0.00194,0.00013,-0.00198,0.00056,-0.00055,0.0004,4e-05,-0.0011974,1
0.00032,-0.00014,-0.00036,0.0006,7e-05,-0.00014,-0.00022,0.00017,0.00017,-0.00029,-7e-05,-6e-05,0.00026,-0.00048,0.00028,-0.00032,3e-05,0.00048,-0.0004,0.00047,-0.00052,0.00025,-0.00028,0.00021,-0.00032,9e-05,0,0.00024,-0.00032,4e-05,0.00023,0.00092,-0.00045,-0.00048,7e-05,0.00075,0.00082,-0.00109,-0.00054,0.00043,0.00045,-0.00054,-0.00047,0.00031,-0.00037,3e-05,0.00072,0.00019,-0.00024,-0.00013,0.00218,-0.00055,-0.00172,0.00022,-0.00029,0.00072,-0.00076,0.00025,0.00098,-0.00112,0.00189,0.00036,-0.00198,-0.00071,3e-05,0.00037,-0.00021,0.00153,0.01775,0.00476,-0.02348,7e-05,-0.00037,-0.00054,0.00014,-0.00018,0.00058,-0.00052,0.00032,0.00021,-0.00038,NaN,NaN,NaN,NaN,NaN,NaN,NaN,-0.00017,-0.00057,-0.00022,-3e-05,6e-05,0.00038,-0.00049,0.00029,-0.00034,1e-05,0.00016,-3e-05,-8e-05,0,-5e-05,0,7e-05,-5e-05,-0.00012,0.00028,-0.00022,-3e-05,0.00098,-0.00054,-0.00025,-8e-05,0.0005,0.00061,-0.00091,-0.00025,0.0005,0.00037,-0.00031,-4e-05,8e-05,-0.00022,-0.00041,2e-05,0.00227,0.03076,-0.02881,-0.00351,0.00037,0.00965,-0.00948,-0.00036,0.00593,-0.00576,0.00311,-0.00365,-0.00029,0.00035,0.00056,0.0044,-0.0053476,1
-9e-05,0.00027,-0.0003,7e-05,9e-05,-0.00011,0,-3e-05,0,6e-05,1e-05,-9e-05,-3e-05,-1e-05,4e-05,-4e-05,1e-05,-3e-05,-1e-05,1e-05,1e-05,-1e-05,1e-05,8e-05,-5e-05,-2e-05,1e-05,-2e-05,2e-05,0.00037,-0.0004,0,0,2e-05,-1e-05,2e-05,0,-3e-05,0,2e-05,-2e-05,1e-05,0,1e-05,-2e-05,1e-05,3e-05,-3e-05,0.00032,7e-05,-0.00029,-6e-05,-4e-05,4e-05,0.0001,-4e-05,-8e-05,5e-05,-3e-05,-4e-05,7e-05,-2e-05,-3e-05,0.00018,0.00021,-0.00038,0.00055,-0.00033,-0.0002,-4e-05,0,-1e-05,1e-05,0,0,0,2e-05,-3e-05,2e-05,6e-05,-7e-05,4e-05,-1e-05,0.00015,-0.00012,5e-05,-9e-05,9e-05,-3e-05,-4e-05,2e-05,NaN,NaN,NaN,NaN,NaN,NaN,NaN,NaN,-0.00033,-0.00031,0.00024,0.01173,-0.01124,0.00428,-0.00518,0.00102,0.00074,-0.00164,0.00013,0.00028,0.00573,-0.00626,0.00089,0.00053,0.00038,-0.00191,0.00036,0.00674,-0.00646,-0.00058,-5e-05,3e-05,-7e-05,0.00197,0.00811,-0.00623,-0.00308,0.00187,-0.00116,-0.00105,-0.00018,0.00155,-0.00077,-0.00079,0.0001,-0.00032,0.00041,-7e-05,-0.00034,0.0001,-8e-05,6.084e-05,1
5e-05,-0.00016,5e-05,2e-05,2e-05,6e-05,0,-0.00018,0.00046,-0.00042,-1e-05,8e-05,0.00025,-0.00039,0.00022,-0.00023,1e-05,4e-05,0.00023,-0.00026,0.00018,0,-0.00018,3e-05,0.00026,0.0003,-0.00014,1e-05,-0.00019,-0.00021,0.00014,-2e-05,0.00031,-0.00034,0.00012,6e-05,0.00012,-0.00035,0.00035,-0.00015,-0.00028,0.00051,-0.00053,7e-05,0.00067,-0.00039,-0.00036,8e-05,3e-05,-5e-05,0.00027,-0.00015,-0.00014,1e-05,4e-05,0.00364,-0.00333,-0.0004,0.00014,-2e-05,-5e-05,0.00029,-0.00027,-1e-05,0.00025,-0.00012,-6e-05,-4e-05,-1e-05,-9e-05,7e-05,0.00019,-4e-05,-0.00021,0.00173,-0.00129,-6e-05,-0.0001,-0.00011,0.00011,0.00018,0.00035,4e-05,-0.0003,-0.00033,0.00031,0.00018,-0.00029,0.0009,-0.00097,3e-05,0.00031,-0.00021,-0.00031,0.0005,-0.00046,2e-05,6e-05,-0.0002,0.00038,7e-05,0.00365,-0.00374,0,-0.0002,-0.00017,-0.0001,9e-05,0.0008,-0.00061,0.00052,0.00135,0.01574,-0.01228,-0.0051,-0.00044,1e-05,-0.00015,0.00071,-2e-05,-0.00039,-8e-05,0.01711,0.00191,-0.01842,-0.00053,0.0065,-0.00665,0.00028,-0.00036,0.00032,-0.00031,0.02279,-0.02212,-0.00046,-0.00019,2e-05,0.00025,-6e-05,0.00301,0.00033,-0.00341,-3.758e-05,1
0.00031,-2e-05,0.00047,-0.00059,0.00021,-0.00018,0.00471,-0.00419,-0.00042,-0.00013,0.00112,-0.00138,-0.00063,0.00024,0.00014,-0.00029,0.00027,0.00658,-0.00338,-0.00314,0.00021,0.00037,-0.00029,-0.00017,0.0003,-0.00045,2e-05,2e-05,-5e-05,4e-05,0.00027,0.00012,-0.00041,0.00025,-0.00034,0.00043,0.00011,-0.00026,0.0002,0.00018,-0.00043,0.00052,-0.00042,0.00024,-0.00033,-0.0001,0.00024,-0.00014,0.00094,-0.00088,0,-9e-05,8e-05,0.0004,0.00027,-0.00078,0.00036,0.00064,-0.00085,-0.00014,0.00072,-0.00055,-0.00014,0.0002,1e-05,1e-05,0.00027,-0.00028,-0.00014,0.00034,-4e-05,6e-05,0.00023,-0.00017,-0.00025,1e-05,0.00129,NaN,NaN,NaN,NaN,NaN,NaN,NaN,NaN,NaN,NaN,NaN,NaN,NaN,NaN,NaN,NaN,NaN,NaN,NaN,NaN,NaN,NaN,NaN,NaN,NaN,NaN,NaN,NaN,NaN,NaN,NaN,NaN,NaN,NaN,NaN,NaN,NaN,NaN,NaN,NaN,NaN,-0.00052,-0.00379,0.00011,-0.00022,7e-05,0.00034,-4e-05,0.00034,0.0001,0.00863,-0.00487,-0.00395,-0.00054,-8e-05,0.00248,0.0116,-0.01106,-0.00221,9e-05,-0.00074,0.0007,-0.0006,0.00369,-0.00286,0.011329,1
0.00064,-0.00059,0.00804,-0.00859,-0.00032,0.00472,-0.00478,-0.00021,0.00018,0.00318,-0.00311,-6e-05,-0.00017,-0.00015,0.00021,3e-05,0.01194,-0.01213,-0.00018,4e-05,-6e-05,0.00139,-0.00091,-7e-05,9e-05,-0.00014,-0.00027,0.0005,-0.00064,0.00045,-0.00035,0.00074,-0.00058,0.00106,-0.00136,0.00038,-0.00035,-4e-05,0.0003,0.00111,-0.00012,-0.00109,0.00026,-0.00045,9e-05,2e-05,0.00051,0.00048,-0.00099,0.00022,-0.00031,0.00035,0.0029,0.01014,-0.0127,-0.00051,0.00032,-0.0007,0.00069,-0.00037,-0.00012,-0.0001,0.00021,0.00101,-0.00096,0.00039,-0.00024,0.0494,NaN,NaN,NaN,NaN,NaN,NaN,NaN,NaN,NaN,NaN,NaN,NaN,NaN,NaN,-0.00701,-0.00088,-8e-05,0.00097,0.00038,-0.00054,1e-05,-8e-05,-0.00043,0.00057,-0.00089,0.00035,-0.00026,0.0006,0.00021,-0.00071,-3e-05,-0.0001,0.00057,-0.00017,0.00018,-0.00055,0.00014,-0.00021,0.00049,0.00012,0.00464,-0.00471,0.00649,0.00041,-0.00705,0.0003,-5e-05,-0.00032,-0.00035,0.00046,-0.0002,-0.00038,0.00078,0.00053,-0.00127,8e-05,-8e-05,-0.00024,0.00061,-0.00029,0.01127,-0.00375,-0.00685,0.00084,-0.00074,-0.00083,0.00042,-0.00019,0.00091,-0.00069,0.00099,0.00075,0.00364,-0.00569,0.00053342,1
-0.00238,0.00171,-0.00327,0.00011,-0.00014,0.00014,0.01136,-0.00315,0.00355,-0.01061,-0.00147,-0.00028,7e-05,0.00074,0.00317,-0.00319,0.00367,-0.0042,0.00274,-0.0021,0.00208,-0.00261,0.00814,0.0005,-0.00012,-0.00716,-0.00102,-0.00048,0.00172,0.0005,-0.00163,-0.00056,0.00346,-0.00333,0.00092,-0.00118,0.00095,0.00214,-0.00146,0.00443,-0.00256,-0.00141,0.00252,-0.00368,0.00243,-0.00131,0.00578,-0.00734,0.00076,-0.00042,0.00281,-0.00144,-0.00224,5e-05,0.00758,-0.00194,-0.00536,NaN,NaN,NaN,NaN,NaN,NaN,NaN,NaN,NaN,NaN,NaN,NaN,NaN,NaN,NaN,NaN,NaN,NaN,NaN,NaN,NaN,NaN,NaN,NaN,NaN,NaN,NaN,NaN,NaN,NaN,NaN,NaN,NaN,NaN,NaN,NaN,NaN,NaN,NaN,NaN,NaN,NaN,NaN,NaN,NaN,NaN,NaN,-0.00205,-0.00413,-8e-05,0.01129,-0.00944,0.00043,-0.00223,0.00132,0.01227,-0.00914,-0.00443,-4e-05,0.00027,0.00243,-0.00066,-0.00226,0.00114,-0.00114,0.00015,9e-05,0.01006,-0.00519,-0.00464,0.00011,0.00666,-0.00719,0.00403,-0.0007,-0.00296,0.00029,0.00587,0.00375,0.0001,-0.00616,-0.00301,-0.00118,0.00011,0.00046,0.00046442,1
-1e-05,-0.00012,5e-05,0.00178,0.00637,-0.00026,-0.00325,-0.00272,0.01022,-0.00988,0.00423,0.00252,0.00126,-0.00705,-0.0009,0.00197,-0.00428,0.00067,0.00723,-0.00592,0.00112,-0.00234,-0.00065,0.0021,-0.00203,-0.00053,0.00064,0.00051,-0.00037,0.00251,0.00401,-0.00693,-2e-05,0.00354,0.00611,-0.00367,-0.00608,-0.00012,-1e-05,-5e-05,-7e-05,0.00132,-0.00137,0.00029,-0.00017,-0.00011,-6e-05,0.00077,-0.00046,0.00018,0.0011,0.00312,-0.00305,-0.0011,0.00034,-0.00057,2e-05,0.0024,0.00167,-0.00429,0.00044,0.00043,-0.00082,-0.0001,0.0101,0.00613,-0.01506,-0.0002,-0.00036,5e-05,-0.00027,0.00094,0.00576,0.00354,-0.00886,-0.00083,0.00088,-0.00147,0.00065,0.0068,0.04331,NaN,NaN,NaN,NaN,NaN,NaN,NaN,0.00902,-0.00941,-0.00098,-0.00055,0.00663,-0.0092,-0.00024,0.00037,0.00038,0.00327,-0.00419,0.00021,7e-05,0.0083,-0.00672,0.00027,-0.00123,-0.00096,0.00012,0.00725,-0.00191,0.00884,-0.0072,-0.0059,-0.00123,0.00033,-0.00023,0.00099,-0.0002,-0.00017,0.00027,-0.00097,0.00059,-0.00052,-0.00018,0.00369,-0.00199,0.00089,0.00817,-0.0014,-0.00882,0.00202,-0.00118,-0.00033,-0.00022,0.00312,0.01996,-0.00768,-0.01572,-6e-05,5e-05,0.00077,-0.00076,0.00359,-0.0036469,1
-0.00023,-0.00011,-0.00018,0.00038,-0.00027,-0.00027,0.00101,-0.00103,-0.00024,8e-05,6e-05,-1e-05,-1e-05,-7e-05,0.00014,-8e-05,0.00947,-0.00895,-9e-05,0.0047,-0.00354,0.00576,-0.00666,0.00034,0.00108,-0.00166,0.00023,-0.00013,-0.00029,0.00013,0.00015,-0.00027,0.00289,-0.00294,-0.00023,0.00088,0.00087,-0.00162,0.00028,0.00132,0.00914,-0.01083,0,0.00064,0.00019,6e-05,-8e-05,-0.00051,0,0.0004,7e-05,0.0014,-0.00019,-0.00134,0.00121,-0.00118,0.00989,-0.01035,0.00042,0.00707,-0.00749,0.00036,0.0001,-0.00075,0.00594,-0.0032,-0.00279,0.00033,-2e-05,0.00105,0.00624,-0.00752,-2e-05,3e-05,0.00076,0,-0.00051,-0.00045,0.00045,-0.0002,-0.00016,0.00062,-0.00024,-0.00048,0.00049,-9e-05,-0.00035,0.00082,1e-05,0.00046,-0.00035,-0.00023,-0.00025,-8e-05,0.00038,-0.00021,0.00298,-0.00205,-0.00113,0.00043,0.00058,0.00032,-0.00117,-0.00063,-5e-05,1e-05,4e-05,0,1e-05,0.00013,-0.00011,4e-05,0.00023,-0.00011,0.00022,0.00018,-0.00039,0.0009,-0.00066,-0.00016,-0.00023,0.00055,0.00043,0.01807,-0.01861,5e-05,0.00828,-0.00226,-0.00543,-0.00036,-0.00025,0.00257,-0.00106,0.01777,-0.01089,-0.00883,0.00017,0.00052,0.02518,-0.01197,0.00466,-0.01522,-0.0013604,1
0.0059,0.00288,-0.00973,-0.00026,0.00023,-5e-05,0,0.00067,-0.00195,0.00015,-0.00016,0.00523,0.00674,-0.00586,0.0079,-0.00709,-0.00028,0.00013,-0.00132,-0.00035,0.00676,-0.00704,0.00508,0.03091,-0.02132,-0.01848,0.00517,0.00977,-0.00266,-0.00818,0.0108,-0.01254,0.00142,0.00421,-0.0035,-0.00534,-0.00015,-0.00016,0.00119,-0.00093,0.00273,0.01072,-0.0036,-0.01018,0.00012,0.00166,0.00042,-0.00211,-9e-05,0.00011,-1e-05,0.0496,-0.04039,-0.00407,0.0049,-0.00374,0.00025,-0.00077,0.00111,-0.0035,0.00053,-0.00073,-0.00108,0.00052,-0.00115,0.0142,-0.01153,-0.00152,-2e-05,-5e-05,-0.00101,-7e-05,0.00054,0.00019,-0.00029,-0.00079,0.00072,-0.00071,0.00103,0.00063,-0.0015,0.00036,0.00018,0.00074,0.00067,-0.00195,0.00096,-0.00076,0.00022,-0.00069,0.00199,0.00081,-0.0014,-0.0014,0.00958,-0.01037,0.00166,0.00183,0.00058,-0.00299,0.00119,-0.00164,0.00043,0.00095,0.0009,-0.00241,0.00017,-0.00021,0.00014,0.00031,0.00239,-7e-05,-0.00258,0.00012,-0.00054,0.00088,-0.00125,0.00014,0.00013,0.00056,-0.0005,0.00041,-0.00051,-0.00021,0.00139,-0.00124,0.00048,0.00022,-0.0004,0.00038,0.00026,0.00103,0.00135,-0.00271,-6e-05,-6e-05,0.00017,0.00062,-0.00045,0.00017,-0.00038,-0.00017,0.0014563,1
-6e-05,0.00012,0.03198,0.00959,-0.03521,-0.00458,-0.00028,0.00182,0.00884,-0.00681,-0.00403,-0.00055,-0.00014,-0.00058,0.00089,-0.0006,0.00027,0.00615,-0.00607,-0.001,7e-05,1e-05,0.00057,-0.00063,0.00182,-0.002,-8e-05,8e-05,0.00059,0.00065,-0.0012,-0.0001,-9e-05,0.00055,-0.00025,-0.00022,0.00022,0.00048,-0.00026,0.00106,-0.0013,-0.00018,0.00014,0.00162,2e-05,-0.00183,0.00023,0.00021,1e-05,-0.00027,5e-05,-0.00015,0.00018,-5e-05,2e-05,0.00108,NaN,NaN,NaN,NaN,NaN,NaN,NaN,NaN,NaN,NaN,NaN,NaN,NaN,NaN,NaN,NaN,NaN,NaN,NaN,NaN,NaN,NaN,NaN,NaN,NaN,NaN,NaN,NaN,NaN,NaN,NaN,NaN,NaN,NaN,NaN,NaN,NaN,NaN,NaN,NaN,NaN,NaN,NaN,NaN,NaN,NaN,-0.00137,0.00567,-0.00608,0.00044,-0.00028,0.00031,-0.00021,-0.00042,0.00018,0.00212,0.01009,-0.00567,-0.00655,0.00039,-0.00023,0.00034,0.00554,0.00358,0.00369,0.06212,-0.05921,-0.005,0.00666,-0.01264,0.00458,0.00558,0.00105,-0.00817,-0.00835,0.00431,0.01111,-0.00431,0.00337,-0.00171,-0.01242,-6e-05,0.00137,-0.00136,8e-05,0.00043,-0.00051567,1
0.00027,-3e-05,-0.00012,-4e-05,-0.00072,0.00086,-0.00045,-0.00015,-0.00011,0.00018,-0.00035,-9e-05,0.00177,-0.0008,-0.00091,-0.00014,5e-05,-4e-05,3e-05,3e-05,-6e-05,3e-05,1e-05,0.00021,0.00016,-0.00034,-1e-05,5e-05,-1e-05,-1e-05,-1e-05,0.00036,-0.00016,-0.0002,3e-05,0.00095,-0.00061,-0.00034,-5e-05,0,4e-05,5e-05,0,6e-05,0.00022,-0.00029,-4e-05,0.00019,0.00014,-0.0002,7e-05,-0.00013,0.00028,-0.00032,1e-05,0.00032,0,-0.00035,0.00012,0.00033,-0.00042,0.00022,0.00049,-0.00055,-0.00013,0.00057,-0.00044,-0.00018,5e-05,0.00013,-4e-05,0.0008,-0.00044,0.00061,-0.00101,1e-05,-6e-05,-1e-05,3e-05,-3e-05,0.00396,NaN,NaN,NaN,NaN,NaN,NaN,NaN,-0.00033,-4e-05,0.00108,-0.00022,0.00139,-0.0022,-0.00011,0.00064,-0.00029,-0.00036,-6e-05,0.00085,-0.00067,5e-05,5e-05,-7e-05,0.00029,0.00838,-0.0053,-0.00204,-0.00144,-1e-05,0.0007,-0.00024,-0.00044,0.00017,-0.00017,0.00044,-0.00026,0.00026,0.00072,2e-05,0.00238,-0.00286,-2e-05,0.00015,0.00512,-0.00566,-0.00019,0.00019,-4e-05,0,0.00063,-0.00048,0.00037,-0.00028,0.0008,-0.00026,-0.00058,0.00019,0.00029,0.00027,-0.00042,0.00065,-0.0002672,1
-0.00617,0.0026,0.00194,0.0042,-0.00296,0.00043,0.00107,-0.00555,-0.00357,0.0003,5e-05,0.00199,0.01789,-0.01745,-0.00072,0.00473,-0.00074,-0.00516,-0.00166,6e-05,0,0.01069,-0.00176,0.00427,-0.01256,-0.00074,0.00181,-0.00172,-4e-05,0.00061,-0.00043,-4e-05,-0.00019,3e-05,0.00089,-0.00052,-0.00041,0.00024,1e-05,-2e-05,0.00027,-0.00038,0.00026,-0.00036,3e-05,0.00595,-0.00422,0.00034,-0.00059,-0.00093,-0.00014,-7e-05,0.00037,-0.00034,0.00058,-6e-05,0.00047,-0.00098,0.00173,-0.00038,-0.00067,-0.00038,-0.00037,0.00098,0.00087,-0.00152,0.00017,-0.00069,0.00045,-0.00025,0.00026,-0.00033,0.00034,0.00038,-0.00064,0.00029,-0.00037,0.00016,0.00016,-0.00035,0.00027,-1e-05,-0.00017,0.00039,-0.00031,0.00016,-9e-05,-0.00016,0.00023,-0.0001,-0.00026,0.00024,-0.00012,-0.00018,0.0002,0.00043,-0.0003,-2e-05,-0.00037,-0.00014,0.00049,-6e-05,-0.00022,-0.00013,-5e-05,0.00011,-8e-05,0.0002,0.00047,-0.00054,-4e-05,0,-3e-05,0.00021,-0.00011,0,-0.00016,0.0005,0.00111,-0.00152,-2e-05,-9e-05,0.00038,-0.00039,0.00028,0.00131,-0.00062,-0.00077,0.00154,0.01701,-0.00437,-0.00398,-0.00229,-0.00799,0.00024,0.00012,0.00061,0.00092,-0.00049,-0.0009,0.04106,-0.03122,0.0095595,1
0.01202,-0.01186,-0.00094,0.00463,-0.00411,-0.00025,-0.0002,0.00179,-0.00164,0.00019,-0.00021,0.0004,-0.0003,7e-05,-0.00018,1e-05,0.00013,7e-05,-2e-05,0.00023,0.00013,-0.0005,0.00059,0.00039,-0.00018,-0.00045,0.00036,-0.00059,0.00017,-5e-05,0.00011,0.0007,0.00058,-0.00131,-0.00019,0.00013,0.00041,-0.00068,0.0001,1e-05,-0.00015,2e-05,0,2e-05,0.00026,0.0004,0,0.00091,-0.00128,-4e-05,0.00049,-0.00035,-4e-05,0.00017,0.00027,0,-0.00046,8e-05,0.00023,-7e-05,6e-05,-0.00052,0.00026,0.0008,-0.00099,-2e-05,0.00012,0.00012,-0.00023,-3e-05,0.00015,8e-05,-0.00012,-5e-05,0.00012,0.00012,-0.00021,0.00026,NaN,NaN,NaN,NaN,NaN,NaN,NaN,NaN,NaN,NaN,NaN,NaN,NaN,NaN,NaN,NaN,NaN,NaN,NaN,NaN,NaN,NaN,NaN,NaN,0.00014,0.00052,-0.00039,0.00025,-0.00043,0.00025,-0.0004,4e-05,0.00366,-0.00285,0.00114,-0.00175,-0.00019,0.00025,-0.00016,0.00149,-0.00027,0.00187,0.0046,-0.0041,-0.00228,-0.00089,-0.00019,-0.00018,0.00103,-0.00084,0.00024,0.00016,-0.00024,-0.00019,0.00071,-0.00053,-9e-05,-0.00052,0.00879,-0.00789,0.00027,-0.00021,0.00348,-0.00274,0.020507,1
0.00587,-0.00837,-7e-05,0.00051,-5e-05,-0.00018,-0.00035,0.00051,0.00015,-0.00043,8e-05,-5e-05,-0.00031,0.00028,-0.00045,0.00142,-0.00104,-2e-05,-3e-05,3e-05,-0.00012,0.00083,-0.00083,-3e-05,0.00042,0.00011,0.00038,-0.00098,0.00017,0.00137,-0.00128,-0.00028,0.0002,-0.00018,0.00011,4e-05,0.00021,-0.00018,9e-05,2e-05,8e-05,0.00015,-0.00041,0.00036,-0.00045,2e-05,0.0001,-9e-05,-7e-05,0.00035,0.00012,-0.00014,-0.00021,0.00117,-0.00117,-2e-05,0.00094,-0.00052,-0.00045,0.00058,0.00035,-0.0004,0.0004,0.00172,-0.00013,0.00503,-0.00636,-0.00085,0.00032,-0.00021,7e-05,0.00024,-0.00037,-9e-05,0.00501,-0.00294,-0.00118,0.00141,-0.00252,0.00013,0.035,NaN,NaN,NaN,NaN,NaN,NaN,NaN,NaN,NaN,NaN,NaN,NaN,NaN,NaN,NaN,NaN,NaN,NaN,NaN,NaN,NaN,-7e-05,1e-05,0.0008,-0.00075,0.00048,-0.0003,0.00032,-0.00047,-1e-05,0.00016,0.00013,9e-05,7e-05,0.00067,0.001,-0.00137,0.00095,-0.00102,0.00123,-0.00083,-0.00068,0.00151,0.00067,-0.00092,-0.00041,0.00096,-0.00166,0.00053,0.00012,0.0029,0.0072,0.00547,-0.00814,-0.00836,-6e-05,-0.00018,0.0117,-0.00654,-0.00479,0.00014,-0.00032107,1
0.00018,-0.0003,3e-05,0.00049,3e-05,0.00099,-0.00151,0.0002,-0.00028,0.00032,-0.00015,0.00071,0.00034,-0.00105,0.00075,-0.00054,0.00052,-0.00073,0.00023,-0.00026,0.00086,-0.00069,-0.00019,0.00042,0.00028,0.00134,-0.00118,0.00031,0.00382,-0.00311,-0.00188,-2e-05,4e-05,1e-05,1e-05,0.00011,-6e-05,1e-05,1e-05,1e-05,0,2e-05,6e-05,0.00022,0,4e-05,-0.00021,7e-05,-6e-05,5e-05,-3e-05,5e-05,-6e-05,0.00018,-7e-05,-6e-05,3e-05,-1e-05,-3e-05,0,1e-05,8e-05,-6e-05,5e-05,-3e-05,-1e-05,1e-05,2e-05,0.00012,-0.0001,-1e-05,1e-05,1e-05,0.00023,-0.00018,4e-05,-3e-05,8e-05,-1e-05,-8e-05,0,0,4e-05,-3e-05,1e-05,5e-05,-6e-05,1e-05,-2e-05,3e-05,0.00024,-0.00025,7e-05,-9e-05,0,1e-05,-1e-05,-0.00069,-0.0002,6e-05,0.01364,-0.01362,5e-05,0.00026,0.00028,-0.00057,0.00255,0.00054,-0.00177,-0.00054,-0.00068,0.00134,-0.00083,-0.00048,0.0001,0.0002,0.0012,-0.00106,0.00084,-0.0005,-0.00037,0.00031,0.00059,-0.00132,5e-05,0.00038,0.00015,-0.00025,0.00047,-0.00063,0.00579,0.00426,-0.00779,0.01372,-0.01104,0.02053,-0.02497,-0.00033,8e-05,-8e-05,-0.00031,7e-05,0.00023444,1
-0.00557,-0.0002,-0.00031,5e-05,-7e-05,2e-05,0.00015,-0.00014,6e-05,-7e-05,0.00034,0.00012,-0.00029,0.00027,-0.00045,0.00038,0.00351,-0.00286,-0.00012,-0.00053,0.00338,-0.00313,0.0002,-0.00081,0.00026,0.0006,-0.00076,9e-05,9e-05,-5e-05,0.00167,-0.00166,-9e-05,-8e-05,6e-05,-6e-05,-8e-05,0.00016,7e-05,-0.00013,4e-05,-7e-05,0.00028,8e-05,-0.00016,-0.00017,0.00014,-0.00018,4e-05,0.00028,-0.00018,-0.00017,0.00018,-0.0001,-3e-05,0.00012,5e-05,0.0012,0.00113,-0.0025,6e-05,-0.00012,0.00016,-9e-05,-6e-05,1e-05,-3e-05,0.00019,-0.00017,7e-05,-7e-05,0.00016,-0.00017,0.00021,7e-05,-0.00017,0.00983,NaN,NaN,NaN,NaN,NaN,NaN,NaN,NaN,NaN,NaN,NaN,NaN,NaN,NaN,NaN,NaN,NaN,NaN,NaN,NaN,NaN,NaN,NaN,NaN,-0.00045,0,-0.00034,1e-05,-0.00012,5e-05,-0.0001,1e-05,0.00024,-9e-05,-5e-05,-1e-05,-1e-05,4e-05,-0.0001,0.00011,0.00021,-0.00035,0,0.00015,-5e-05,-8e-05,9e-05,-0.00012,2e-05,0.00036,-0.00028,9e-05,-1e-05,-0.00011,0.00024,0.00456,-0.00292,-0.00079,0.00145,-0.00215,-0.0002,-0.00012,-0.00011,0.00678,-0.00643,0.0048411,1
-0.00022,0.00017,-0.00015,-4e-05,0,2e-05,0.00012,-0.00013,-4e-05,1e-05,-1e-05,0,3e-05,-4e-05,1e-05,-2e-05,4e-05,-3e-05,2e-05,0,0.00031,-0.00031,-1e-05,0,1e-05,-2e-05,2e-05,4e-05,-6e-05,6e-05,-6e-05,0.00014,0.00063,-0.00074,-2e-05,0,-2e-05,1e-05,4e-05,-3e-05,-2e-05,0,1e-05,1e-05,6e-05,-4e-05,-2e-05,-1e-05,0,0,0,1e-05,2e-05,0,0.00014,-3e-05,-0.00013,0.00016,-0.00016,-1e-05,0.00042,-0.00037,-2e-05,0.00012,-2e-05,-0.00012,8e-05,2e-05,-0.0001,1e-05,0,-1e-05,0.00028,-0.00027,3e-05,-4e-05,3e-05,-2e-05,-1e-05,-1e-05,5e-05,0.047,NaN,NaN,NaN,NaN,NaN,NaN,NaN,NaN,NaN,NaN,NaN,NaN,NaN,NaN,NaN,NaN,NaN,NaN,NaN,NaN,-5e-05,-2e-05,2e-05,3e-05,-2e-05,1e-05,-2e-05,2e-05,-1e-05,0,-1e-05,2e-05,0.00042,-0.00035,0.0001,-1e-05,-0.00014,5e-05,-8e-05,0,-2e-05,0,2e-05,-2e-05,4e-05,-2e-05,0,1e-05,-2e-05,4e-05,4e-05,0.00149,-0.00149,-4e-05,-4e-05,0,5e-05,0,0.00388,0.00246,-0.0062866,1
0.00011,-6e-05,0.00031,0.00374,-0.00331,-0.00089,-8e-05,-9e-05,-7e-05,0.0002,-0.00021,5e-05,0.00019,-0.00015,0.00018,-0.00015,0.00013,0.00069,0.00055,-0.00129,0,0.00011,0.00036,-0.00046,-5e-05,0.00586,-0.0059,-2e-05,9e-05,5e-05,-0.00011,-2e-05,4e-05,0.00018,0.00016,-3e-05,-0.00015,0.00283,-0.00313,-5e-05,0,0.00016,-0.00016,1e-05,-1e-05,-1e-05,1e-05,1e-05,3e-05,4e-05,1e-05,-8e-05,3e-05,-3e-05,2e-05,-3e-05,2e-05,1e-05,-2e-05,2e-05,3e-05,-4e-05,0,-1e-05,0,2e-05,2e-05,1e-05,-4e-05,0,0,0,0,0,5e-05,-4e-05,1e-05,0,0,2e-05,0,0,-1e-05,7e-05,-8e-05,0,0,0,0,1e-05,-1e-05,0,1e-05,-1e-05,0,7e-05,4e-05,-0.00011,0,-1e-05,0,0,0.00908,-0.00377,0.0003,-0.00536,2e-05,8e-05,-0.00029,4e-05,-0.00016,0.00052,-3e-05,-0.00029,0.0004,-0.00027,0.00044,-0.00055,0.00386,0.00192,-0.00475,-0.00057,0.00014,-0.00026,-0.0005,0.00022,5e-05,-0.00015,-0.00012,8e-05,0.00027,-0.00011,-0.00027,0.00023,6e-05,4e-05,0.00453,-0.00304,-0.00066,0.00048,0.00707,-0.00677,0.0031882,1
-0.00048,3e-05,0,-1e-05,-2e-05,-8e-05,2e-05,-5e-05,6e-05,-1e-05,-4e-05,0.00016,-0.00014,9e-05,-3e-05,-5e-05,0.00018,1e-05,0.00016,-0.00018,0.00021,5e-05,-0.00025,-0.00016,6e-05,0.00013,-7e-05,-7e-05,-1e-05,6e-05,-7e-05,0.00011,-9e-05,2e-05,4e-05,-8e-05,3e-05,-0.0001,4e-05,1e-05,0.00014,6e-05,-0.00024,4e-05,0.00097,-0.00086,-1e-05,-3e-05,8e-05,1e-05,0.00032,-0.00049,0.00015,-9e-05,-1e-05,8e-05,-3e-05,-6e-05,0.00034,-0.00034,-1e-05,-2e-05,9e-05,8e-05,-0.00013,0.00011,0.00012,0.003,-0.00306,-0.00017,2e-05,-3e-05,0,0,0,0,1e-05,0.07887,0.06095,NaN,NaN,NaN,NaN,NaN,NaN,NaN,NaN,NaN,NaN,NaN,NaN,NaN,NaN,NaN,NaN,NaN,NaN,NaN,NaN,NaN,NaN,NaN,NaN,-0.00011,0.00016,0.0013,0.00151,-0.00302,-3e-05,1e-05,4e-05,-2e-05,9e-05,-0.0001,-2e-05,5e-05,0.00044,-0.0002,-5e-05,0.00013,-7e-05,-0.00022,0,3e-05,0.00243,0.00086,-0.00324,0.00055,-0.00062,-2e-05,-4e-05,-1e-05,6e-05,5e-05,3e-05,0.00044,-0.00019,-0.00041,0.01009,-0.00924,0.02213,-0.02262,0.0089649,1
0.00061,0.00021,-0.00145,0.00488,-0.00415,0.00315,-0.00289,0.00025,-0.00031,-0.00017,0.00047,-0.00035,0.0003,0.00084,-0.00027,-0.00124,0.00067,-0.00063,0.00029,0.00521,-0.00198,0.00165,-0.0011,-0.0009,-0.00066,-0.0014,-0.00115,0.00021,0.0011,-0.00128,-0.00016,0.00288,-0.00405,0.00284,-0.00184,-5e-05,0.00063,0.00086,0.00367,-0.00376,0.00226,0.00248,-0.00647,-0.00083,0.00653,-0.00259,-0.00331,0.0004,-0.00164,-0.00028,0.00066,-0.0001,-6e-05,0.00076,-0.00179,0.00121,-0.00086,0.00091,0.00049,-9e-05,-0.00078,0.00023,0.00045,-0.00088,0.00912,-0.00769,0.00024,-0.00202,0.00031,0.00026,-0.00069,0.00058,-0.00032,-0.00015,0.00084,-0.00063,0.0006,-0.00042,0.0004,-0.00025,-0.00072,0.00149,0.00286,0.00056,-0.00365,0.00116,-0.00117,-0.001,0.00018,0.00049,-0.00083,0.00086,-0.00041,-0.00047,1e-05,0.00045,0.00026,0.00204,-0.00194,-0.00091,0.07042,-0.00517,-0.05306,-0.00544,7e-05,-0.00096,0.00193,-0.00047,-0.00077,0.00054,0.00093,-0.0014,-0.00108,-0.00069,-0.00035,0.00302,-0.0015,0.00261,-0.00064,0.0035,0.00341,-0.00676,0.0001,-3e-05,0.00162,0.00019,-0.0005,-0.00016,-2e-05,0.00243,0.00124,-0.00046,-0.00317,0.0007,-0.00018,0.0008,0.00014,-0.00226,-0.00138,-0.00047,-0.00247,0.00059,-0.0017199,1
-0.00018,4e-05,-0.00022,0.00077,-0.00129,0.00062,-0.00029,0,0.00773,0.00719,-0.01377,-0.00143,-0.00011,0.00074,0.00077,-0.00123,0.00034,0.00297,0.00282,-0.00535,0.00209,-0.00239,0.00043,-0.00083,-0.00043,9e-05,0.00127,-0.0004,-0.00013,-0.00068,0.00146,0.0043,-0.00532,-0.00036,1e-05,0.002,-0.00156,0.00368,-0.00142,-0.00275,0.00023,-0.00015,-0.0003,0.00016,-8e-05,8e-05,0.00024,-9e-05,0.00072,-0.00061,-0.00038,-2e-05,-7e-05,0.0004,0.00053,-0.00079,4e-05,-0.00011,-3e-05,0.00116,0.00215,-0.00346,9e-05,0.00063,-0.00015,-0.00048,0.00053,0.00045,-0.00105,-1e-05,0.00087,-0.00039,-0.00051,1e-05,5e-05,0.00061,-0.00057,0.0001,-0.00021,2e-05,0.0005,-0.00037,0.00045,-0.00046,7e-05,0.00028,0.00081,0.00032,0.00038,-0.00139,7e-05,0.00145,0.00033,-0.00169,0.00012,-0.00024,-0.00027,0.00031,0.00031,-0.00044,0.00094,0.00197,0.0025,-0.00289,-0.00076,0.00174,-0.00104,0.00261,-0.00462,-8e-05,8e-05,-0.00035,0.00036,-0.00014,0.00027,-0.00049,0.00017,0.00044,0.00117,0.00233,0.01167,-0.01233,0.03471,-0.03459,-0.00293,-0.00056,-0.00045,0.0008,-0.0009,0.00047,8e-05,0.00048,0.00055,-0.00141,0.00012,0.00022,8e-05,0.0003,0.00015,-0.00032,0.00023,-0.00039,0.0014498,1
